index,GHO (CODE),GHO (DISPLAY),GHO (URL),DATASOURCE (CODE),DATASOURCE (DISPLAY),DATASOURCE (URL),PUBLISHSTATE (CODE),PUBLISHSTATE (DISPLAY),PUBLISHSTATE (URL),YEAR (CODE),YEAR (DISPLAY),YEAR (URL),REGION (CODE),STARTYEAR,ENDYEAR,REGION (DISPLAY),REGION (URL),WORLDBANKINCOMEGROUP (CODE),WORLDBANKINCOMEGROUP (DISPLAY),WORLDBANKINCOMEGROUP (URL),COUNTRY (CODE),COUNTRY (DISPLAY),COUNTRY (URL),Display Value,Numeric,Low,High,StdErr,StdDev,Comments
0,#indicator+code,#indicator+name,#indicator+url,,#meta+source,,#status+code,#status+name,,,#date+year,,#region+code,#date+year+start,#date+year+end,#region+name,,,,,#country+code,#country+name,,,#indicator+value+num,,,,,
1,WHS7_103,Private prepaid plans as a percentage of private expenditure on health,https://www.who.int/data/gho/indicator-metadata-registry/imr-details/120,NHA_PHL,Philippines note,,PUBLISHED,Published,,1995.0,1995,,WPR,1995,1995,Western Pacific,,WB_LMI,Lower-middle-income,,PHL,Philippines,,6.16,6.16228,,,,,
2,WHS7_103,Private prepaid plans as a percentage of private expenditure on health,https://www.who.int/data/gho/indicator-metadata-registry/imr-details/120,NHA_PHL,Philippines note,,PUBLISHED,Published,,1996.0,1996,,WPR,1996,1996,Western Pacific,,WB_LMI,Lower-middle-income,,PHL,Philippines,,6.65,6.64610,,,,,
3,WHS7_103,Private prepaid plans as a percentage of private expenditure on health,https://www.who.int/data/gho/indicator-metadata-registry/imr-details/120,NHA_PHL,Philippines note,,PUBLISHED,Published,,1997.0,1997,,WPR,1997,1997,Western Pacific,,WB_LMI,Lower-middle-income,,PHL,Philippines,,7.72,7.72272,,,,,
4,WHS7_103,Private prepaid plans as a percentage of private expenditure on health,https://www.who.int/data/gho/indicator-metadata-registry/imr-details/120,NHA_PHL,Philippines note,,PUBLISHED,Published,,1998.0,1998,,WPR,1998,1998,Western Pacific,,WB_LMI,Lower-middle-income,,PHL,Philippines,,8.62,8.61803,,,,,
5,WHS7_103,Private prepaid plans as a percentage of private expenditure on health,https://www.who.int/data/gho/indicator-metadata-registry/imr-details/120,NHA_PHL,Philippines note,,PUBLISHED,Published,,1999.0,1999,,WPR,1999,1999,Western Pacific,,WB_LMI,Lower-middle-income,,PHL,Philippines,,11.04,11.04043,,,,,
6,WHS7_103,Private prepaid plans as a percentage of private expenditure on health,https://www.who.int/data/gho/indicator-metadata-registry/imr-details/120,NHA_PHL,Philippines note,,PUBLISHED,Published,,2000.0,2000,,WPR,2000,2000,Western Pacific,,WB_LMI,Lower-middle-income,,PHL,Philippines,,11.1,11.09884,,,,,
7,WHS7_103,Private prepaid plans as a percentage of private expenditure on health,https://www.who.int/data/gho/indicator-metadata-registry/imr-details/120,NHA_PHL,Philippines note,,PUBLISHED,Published,,2001.0,2001,,WPR,2001,2001,Western Pacific,,WB_LMI,Lower-middle-income,,PHL,Philippines,,10.1,10.10159,,,,,
8,WHS7_103,Private prepaid plans as a percentage of private expenditure on health,https://www.who.int/data/gho/indicator-metadata-registry/imr-details/120,NHA_PHL,Philippines note,,PUBLISHED,Published,,2002.0,2002,,WPR,2002,2002,Western Pacific,,WB_LMI,Lower-middle-income,,PHL,Philippines,,10.74,10.73948,,,,,
9,WHS7_103,Private prepaid plans as a percentage of private expenditure on health,https://www.who.int/data/gho/indicator-metadata-registry/imr-details/120,NHA_PHL,Philippines note,,PUBLISHED,Published,,2003.0,2003,,WPR,2003,2003,Western Pacific,,WB_LMI,Lower-middle-income,,PHL,Philippines,,11.76,11.76436,,,,,
10,WHS7_103,Private prepaid plans as a percentage of private expenditure on health,https://www.who.int/data/gho/indicator-metadata-registry/imr-details/120,NHA_PHL,Philippines note,,PUBLISHED,Published,,2004.0,2004,,WPR,2004,2004,Western Pacific,,WB_LMI,Lower-middle-income,,PHL,Philippines,,11.35,11.34634,,,,,
11,WHS7_103,Private prepaid plans as a percentage of private expenditure on health,https://www.who.int/data/gho/indicator-metadata-registry/imr-details/120,NHA_PHL,Philippines note,,PUBLISHED,Published,,2005.0,2005,,WPR,2005,2005,Western Pacific,,WB_LMI,Lower-middle-income,,PHL,Philippines,,10.23,10.23445,,,,,
12,WHS7_103,Private prepaid plans as a percentage of private expenditure on health,https://www.who.int/data/gho/indicator-metadata-registry/imr-details/120,NHA_PHL,Philippines note,,PUBLISHED,Published,,2006.0,2006,,WPR,2006,2006,Western Pacific,,WB_LMI,Lower-middle-income,,PHL,Philippines,,9.64,9.64177,,,,,
13,WHS7_103,Private prepaid plans as a percentage of private expenditure on health,https://www.who.int/data/gho/indicator-metadata-registry/imr-details/120,NHA_PHL,Philippines note,,PUBLISHED,Published,,2007.0,2007,,WPR,2007,2007,Western Pacific,,WB_LMI,Lower-middle-income,,PHL,Philippines,,9.76,9.75545,,,,,
14,WHS7_103,Private prepaid plans as a percentage of private expenditure on health,https://www.who.int/data/gho/indicator-metadata-registry/imr-details/120,NHA_PHL,Philippines note,,PUBLISHED,Published,,2008.0,2008,,WPR,2008,2008,Western Pacific,,WB_LMI,Lower-middle-income,,PHL,Philippines,,9.9,9.89782,,,,,
15,WHS7_103,Private prepaid plans as a percentage of private expenditure on health,https://www.who.int/data/gho/indicator-metadata-registry/imr-details/120,NHA_PHL,Philippines note,,PUBLISHED,Published,,2009.0,2009,,WPR,2009,2009,Western Pacific,,WB_LMI,Lower-middle-income,,PHL,Philippines,,10.57,10.57169,,,,,
16,WHS7_103,Private prepaid plans as a percentage of private expenditure on health,https://www.who.int/data/gho/indicator-metadata-registry/imr-details/120,NHA_PHL,Philippines note,,PUBLISHED,Published,,2010.0,2010,,WPR,2010,2010,Western Pacific,,WB_LMI,Lower-middle-income,,PHL,Philippines,,10.94,10.93555,,,,,
17,WHS7_103,Private prepaid plans as a percentage of private expenditure on health,https://www.who.int/data/gho/indicator-metadata-registry/imr-details/120,NHA_PHL,Philippines note,,PUBLISHED,Published,,2011.0,2011,,WPR,2011,2011,Western Pacific,,WB_LMI,Lower-middle-income,,PHL,Philippines,,12.49,12.48555,,,,,
18,WHS7_103,Private prepaid plans as a percentage of private expenditure on health,https://www.who.int/data/gho/indicator-metadata-registry/imr-details/120,NHA_PHL,Philippines note,,PUBLISHED,Published,,2012.0,2012,,WPR,2012,2012,Western Pacific,,WB_LMI,Lower-middle-income,,PHL,Philippines,,12.12,12.12470,,,,,
19,WHS7_103,Private prepaid plans as a percentage of private expenditure on health,https://www.who.int/data/gho/indicator-metadata-registry/imr-details/120,NHA_PHL,Philippines note,,PUBLISHED,Published,,2013.0,2013,,WPR,2013,2013,Western Pacific,,WB_LMI,Lower-middle-income,,PHL,Philippines,,12.75,12.75326,,,,,
20,WHS7_103,Private prepaid plans as a percentage of private expenditure on health,https://www.who.int/data/gho/indicator-metadata-registry/imr-details/120,NHA_PHL,Philippines note,,PUBLISHED,Published,,2014.0,2014,,WPR,2014,2014,Western Pacific,,WB_LMI,Lower-middle-income,,PHL,Philippines,,13.07,13.06961,,,,,
21,WHS7_104,Per capita government expenditure on health at average exchange rate (US$),https://www.who.int/data/gho/indicator-metadata-registry/imr-details/109,NHA_PHL,Philippines note,,PUBLISHED,Published,,1995.0,1995,,WPR,1995,1995,Western Pacific,,WB_LMI,Lower-middle-income,,PHL,Philippines,,14.47,14.47311,,,,,
22,WHS7_104,Per capita government expenditure on health at average exchange rate (US$),https://www.who.int/data/gho/indicator-metadata-registry/imr-details/109,NHA_PHL,Philippines note,,PUBLISHED,Published,,1996.0,1996,,WPR,1996,1996,Western Pacific,,WB_LMI,Lower-middle-income,,PHL,Philippines,,16.83,16.83236,,,,,
23,WHS7_104,Per capita government expenditure on health at average exchange rate (US$),https://www.who.int/data/gho/indicator-metadata-registry/imr-details/109,NHA_PHL,Philippines note,,PUBLISHED,Published,,1997.0,1997,,WPR,1997,1997,Western Pacific,,WB_LMI,Lower-middle-income,,PHL,Philippines,,17.57,17.56528,,,,,
24,WHS7_104,Per capita government expenditure on health at average exchange rate (US$),https://www.who.int/data/gho/indicator-metadata-registry/imr-details/109,NHA_PHL,Philippines note,,PUBLISHED,Published,,1998.0,1998,,WPR,1998,1998,Western Pacific,,WB_LMI,Lower-middle-income,,PHL,Philippines,,13.28,13.28155,,,,,
25,WHS7_104,Per capita government expenditure on health at average exchange rate (US$),https://www.who.int/data/gho/indicator-metadata-registry/imr-details/109,NHA_PHL,Philippines note,,PUBLISHED,Published,,1999.0,1999,,WPR,1999,1999,Western Pacific,,WB_LMI,Lower-middle-income,,PHL,Philippines,,15.54,15.53992,,,,,
26,WHS7_104,Per capita government expenditure on health at average exchange rate (US$),https://www.who.int/data/gho/indicator-metadata-registry/imr-details/109,NHA_PHL,Philippines note,,PUBLISHED,Published,,2000.0,2000,,WPR,2000,2000,Western Pacific,,WB_LMI,Lower-middle-income,,PHL,Philippines,,15.87,15.87368,,,,,
27,WHS7_104,Per capita government expenditure on health at average exchange rate (US$),https://www.who.int/data/gho/indicator-metadata-registry/imr-details/109,NHA_PHL,Philippines note,,PUBLISHED,Published,,2001.0,2001,,WPR,2001,2001,Western Pacific,,WB_LMI,Lower-middle-income,,PHL,Philippines,,12.69,12.68831,,,,,
28,WHS7_104,Per capita government expenditure on health at average exchange rate (US$),https://www.who.int/data/gho/indicator-metadata-registry/imr-details/109,NHA_PHL,Philippines note,,PUBLISHED,Published,,2002.0,2002,,WPR,2002,2002,Western Pacific,,WB_LMI,Lower-middle-income,,PHL,Philippines,,11.18,11.17512,,,,,
29,WHS7_104,Per capita government expenditure on health at average exchange rate (US$),https://www.who.int/data/gho/indicator-metadata-registry/imr-details/109,NHA_PHL,Philippines note,,PUBLISHED,Published,,2003.0,2003,,WPR,2003,2003,Western Pacific,,WB_LMI,Lower-middle-income,,PHL,Philippines,,13.21,13.20942,,,,,
30,WHS7_104,Per capita government expenditure on health at average exchange rate (US$),https://www.who.int/data/gho/indicator-metadata-registry/imr-details/109,NHA_PHL,Philippines note,,PUBLISHED,Published,,2004.0,2004,,WPR,2004,2004,Western Pacific,,WB_LMI,Lower-middle-income,,PHL,Philippines,,14.07,14.07494,,,,,
31,WHS7_104,Per capita government expenditure on health at average exchange rate (US$),https://www.who.int/data/gho/indicator-metadata-registry/imr-details/109,NHA_PHL,Philippines note,,PUBLISHED,Published,,2005.0,2005,,WPR,2005,2005,Western Pacific,,WB_LMI,Lower-middle-income,,PHL,Philippines,,17.97,17.96783,,,,,
32,WHS7_104,Per capita government expenditure on health at average exchange rate (US$),https://www.who.int/data/gho/indicator-metadata-registry/imr-details/109,NHA_PHL,Philippines note,,PUBLISHED,Published,,2006.0,2006,,WPR,2006,2006,Western Pacific,,WB_LMI,Lower-middle-income,,PHL,Philippines,,20.26,20.26111,,,,,
33,WHS7_104,Per capita government expenditure on health at average exchange rate (US$),https://www.who.int/data/gho/indicator-metadata-registry/imr-details/109,NHA_PHL,Philippines note,,PUBLISHED,Published,,2007.0,2007,,WPR,2007,2007,Western Pacific,,WB_LMI,Lower-middle-income,,PHL,Philippines,,22.96,22.96379,,,,,
34,WHS7_104,Per capita government expenditure on health at average exchange rate (US$),https://www.who.int/data/gho/indicator-metadata-registry/imr-details/109,NHA_PHL,Philippines note,,PUBLISHED,Published,,2008.0,2008,,WPR,2008,2008,Western Pacific,,WB_LMI,Lower-middle-income,,PHL,Philippines,,25.71,25.71044,,,,,
35,WHS7_104,Per capita government expenditure on health at average exchange rate (US$),https://www.who.int/data/gho/indicator-metadata-registry/imr-details/109,NHA_PHL,Philippines note,,PUBLISHED,Published,,2009.0,2009,,WPR,2009,2009,Western Pacific,,WB_LMI,Lower-middle-income,,PHL,Philippines,,28.45,28.44725,,,,,
36,WHS7_104,Per capita government expenditure on health at average exchange rate (US$),https://www.who.int/data/gho/indicator-metadata-registry/imr-details/109,NHA_PHL,Philippines note,,PUBLISHED,Published,,2010.0,2010,,WPR,2010,2010,Western Pacific,,WB_LMI,Lower-middle-income,,PHL,Philippines,,33.76,33.75949,,,,,
37,WHS7_104,Per capita government expenditure on health at average exchange rate (US$),https://www.who.int/data/gho/indicator-metadata-registry/imr-details/109,NHA_PHL,Philippines note,,PUBLISHED,Published,,2011.0,2011,,WPR,2011,2011,Western Pacific,,WB_LMI,Lower-middle-income,,PHL,Philippines,,30.98,30.98499,,,,,
38,WHS7_104,Per capita government expenditure on health at average exchange rate (US$),https://www.who.int/data/gho/indicator-metadata-registry/imr-details/109,NHA_PHL,Philippines note,,PUBLISHED,Published,,2012.0,2012,,WPR,2012,2012,Western Pacific,,WB_LMI,Lower-middle-income,,PHL,Philippines,,36.13,36.12857,,,,,
39,WHS7_104,Per capita government expenditure on health at average exchange rate (US$),https://www.who.int/data/gho/indicator-metadata-registry/imr-details/109,NHA_PHL,Philippines note,,PUBLISHED,Published,,2013.0,2013,,WPR,2013,2013,Western Pacific,,WB_LMI,Lower-middle-income,,PHL,Philippines,,40.41,40.40964,,,,,
40,WHS7_104,Per capita government expenditure on health at average exchange rate (US$),https://www.who.int/data/gho/indicator-metadata-registry/imr-details/109,NHA_PHL,Philippines note,,PUBLISHED,Published,,2014.0,2014,,WPR,2014,2014,Western Pacific,,WB_LMI,Lower-middle-income,,PHL,Philippines,,46.35,46.35026,,,,,
41,WHS7_105,Per capita total expenditure on health (PPP int. $),https://www.who.int/data/gho/indicator-metadata-registry/imr-details/110,NHA_PHL,Philippines note,,PUBLISHED,Published,,1995.0,1995,,WPR,1995,1995,Western Pacific,,WB_LMI,Lower-middle-income,,PHL,Philippines,,99.58,99.58086,,,,,
42,WHS7_105,Per capita total expenditure on health (PPP int. $),https://www.who.int/data/gho/indicator-metadata-registry/imr-details/110,NHA_PHL,Philippines note,,PUBLISHED,Published,,1996.0,1996,,WPR,1996,1996,Western Pacific,,WB_LMI,Lower-middle-income,,PHL,Philippines,,107.74,107.73640,,,,,
43,WHS7_105,Per capita total expenditure on health (PPP int. $),https://www.who.int/data/gho/indicator-metadata-registry/imr-details/110,NHA_PHL,Philippines note,,PUBLISHED,Published,,1997.0,1997,,WPR,1997,1997,Western Pacific,,WB_LMI,Lower-middle-income,,PHL,Philippines,,115.19,115.19281,,,,,
44,WHS7_105,Per capita total expenditure on health (PPP int. $),https://www.who.int/data/gho/indicator-metadata-registry/imr-details/110,NHA_PHL,Philippines note,,PUBLISHED,Published,,1998.0,1998,,WPR,1998,1998,Western Pacific,,WB_LMI,Lower-middle-income,,PHL,Philippines,,100.11,100.11115,,,,,
45,WHS7_105,Per capita total expenditure on health (PPP int. $),https://www.who.int/data/gho/indicator-metadata-registry/imr-details/110,NHA_PHL,Philippines note,,PUBLISHED,Published,,1999.0,1999,,WPR,1999,1999,Western Pacific,,WB_LMI,Lower-middle-income,,PHL,Philippines,,103.58,103.57609,,,,,
46,WHS7_105,Per capita total expenditure on health (PPP int. $),https://www.who.int/data/gho/indicator-metadata-registry/imr-details/110,NHA_PHL,Philippines note,,PUBLISHED,Published,,2000.0,2000,,WPR,2000,2000,Western Pacific,,WB_LMI,Lower-middle-income,,PHL,Philippines,,107.53,107.52994,,,,,
47,WHS7_105,Per capita total expenditure on health (PPP int. $),https://www.who.int/data/gho/indicator-metadata-registry/imr-details/110,NHA_PHL,Philippines note,,PUBLISHED,Published,,2001.0,2001,,WPR,2001,2001,Western Pacific,,WB_LMI,Lower-middle-income,,PHL,Philippines,,103.51,103.50957,,,,,
48,WHS7_105,Per capita total expenditure on health (PPP int. $),https://www.who.int/data/gho/indicator-metadata-registry/imr-details/110,NHA_PHL,Philippines note,,PUBLISHED,Published,,2002.0,2002,,WPR,2002,2002,Western Pacific,,WB_LMI,Lower-middle-income,,PHL,Philippines,,99.29,99.29373,,,,,
49,WHS7_105,Per capita total expenditure on health (PPP int. $),https://www.who.int/data/gho/indicator-metadata-registry/imr-details/110,NHA_PHL,Philippines note,,PUBLISHED,Published,,2003.0,2003,,WPR,2003,2003,Western Pacific,,WB_LMI,Lower-middle-income,,PHL,Philippines,,121.17,121.17379,,,,,
50,WHS7_105,Per capita total expenditure on health (PPP int. $),https://www.who.int/data/gho/indicator-metadata-registry/imr-details/110,NHA_PHL,Philippines note,,PUBLISHED,Published,,2004.0,2004,,WPR,2004,2004,Western Pacific,,WB_LMI,Lower-middle-income,,PHL,Philippines,,129.53,129.53192,,,,,
51,WHS7_105,Per capita total expenditure on health (PPP int. $),https://www.who.int/data/gho/indicator-metadata-registry/imr-details/110,NHA_PHL,Philippines note,,PUBLISHED,Published,,2005.0,2005,,WPR,2005,2005,Western Pacific,,WB_LMI,Lower-middle-income,,PHL,Philippines,,166.8,166.79762,,,,,
52,WHS7_105,Per capita total expenditure on health (PPP int. $),https://www.who.int/data/gho/indicator-metadata-registry/imr-details/110,NHA_PHL,Philippines note,,PUBLISHED,Published,,2006.0,2006,,WPR,2006,2006,Western Pacific,,WB_LMI,Lower-middle-income,,PHL,Philippines,,179.66,179.65569,,,,,
53,WHS7_105,Per capita total expenditure on health (PPP int. $),https://www.who.int/data/gho/indicator-metadata-registry/imr-details/110,NHA_PHL,Philippines note,,PUBLISHED,Published,,2007.0,2007,,WPR,2007,2007,Western Pacific,,WB_LMI,Lower-middle-income,,PHL,Philippines,,193.05,193.05281,,,,,
54,WHS7_105,Per capita total expenditure on health (PPP int. $),https://www.who.int/data/gho/indicator-metadata-registry/imr-details/110,NHA_PHL,Philippines note,,PUBLISHED,Published,,2008.0,2008,,WPR,2008,2008,Western Pacific,,WB_LMI,Lower-middle-income,,PHL,Philippines,,207.48,207.48259,,,,,
55,WHS7_105,Per capita total expenditure on health (PPP int. $),https://www.who.int/data/gho/indicator-metadata-registry/imr-details/110,NHA_PHL,Philippines note,,PUBLISHED,Published,,2009.0,2009,,WPR,2009,2009,Western Pacific,,WB_LMI,Lower-middle-income,,PHL,Philippines,,227.04,227.04056,,,,,
56,WHS7_105,Per capita total expenditure on health (PPP int. $),https://www.who.int/data/gho/indicator-metadata-registry/imr-details/110,NHA_PHL,Philippines note,,PUBLISHED,Published,,2010.0,2010,,WPR,2010,2010,Western Pacific,,WB_LMI,Lower-middle-income,,PHL,Philippines,,241.63,241.62501,,,,,
57,WHS7_105,Per capita total expenditure on health (PPP int. $),https://www.who.int/data/gho/indicator-metadata-registry/imr-details/110,NHA_PHL,Philippines note,,PUBLISHED,Published,,2011.0,2011,,WPR,2011,2011,Western Pacific,,WB_LMI,Lower-middle-income,,PHL,Philippines,,246.85,246.84719,,,,,
58,WHS7_105,Per capita total expenditure on health (PPP int. $),https://www.who.int/data/gho/indicator-metadata-registry/imr-details/110,NHA_PHL,Philippines note,,PUBLISHED,Published,,2012.0,2012,,WPR,2012,2012,Western Pacific,,WB_LMI,Lower-middle-income,,PHL,Philippines,,274.49,274.48929,,,,,
59,WHS7_105,Per capita total expenditure on health (PPP int. $),https://www.who.int/data/gho/indicator-metadata-registry/imr-details/110,NHA_PHL,Philippines note,,PUBLISHED,Published,,2013.0,2013,,WPR,2013,2013,Western Pacific,,WB_LMI,Lower-middle-income,,PHL,Philippines,,300.39,300.39442,,,,,
60,WHS7_105,Per capita total expenditure on health (PPP int. $),https://www.who.int/data/gho/indicator-metadata-registry/imr-details/110,NHA_PHL,Philippines note,,PUBLISHED,Published,,2014.0,2014,,WPR,2014,2014,Western Pacific,,WB_LMI,Lower-middle-income,,PHL,Philippines,,328.87,328.87214,,,,,
61,WHS7_108,Per capita government expenditure on health (PPP int. $),https://www.who.int/data/gho/indicator-metadata-registry/imr-details/108,NHA_PHL,Philippines note,,PUBLISHED,Published,,1995.0,1995,,WPR,1995,1995,Western Pacific,,WB_LMI,Lower-middle-income,,PHL,Philippines,,39.37,39.36870,,,,,
62,WHS7_108,Per capita government expenditure on health (PPP int. $),https://www.who.int/data/gho/indicator-metadata-registry/imr-details/108,NHA_PHL,Philippines note,,PUBLISHED,Published,,1996.0,1996,,WPR,1996,1996,Western Pacific,,WB_LMI,Lower-middle-income,,PHL,Philippines,,44.15,44.14922,,,,,
63,WHS7_108,Per capita government expenditure on health (PPP int. $),https://www.who.int/data/gho/indicator-metadata-registry/imr-details/108,NHA_PHL,Philippines note,,PUBLISHED,Published,,1997.0,1997,,WPR,1997,1997,Western Pacific,,WB_LMI,Lower-middle-income,,PHL,Philippines,,49.59,49.59080,,,,,
64,WHS7_108,Per capita government expenditure on health (PPP int. $),https://www.who.int/data/gho/indicator-metadata-registry/imr-details/108,NHA_PHL,Philippines note,,PUBLISHED,Published,,1998.0,1998,,WPR,1998,1998,Western Pacific,,WB_LMI,Lower-middle-income,,PHL,Philippines,,42.98,42.97597,,,,,
65,WHS7_108,Per capita government expenditure on health (PPP int. $),https://www.who.int/data/gho/indicator-metadata-registry/imr-details/108,NHA_PHL,Philippines note,,PUBLISHED,Published,,1999.0,1999,,WPR,1999,1999,Western Pacific,,WB_LMI,Lower-middle-income,,PHL,Philippines,,45.79,45.78571,,,,,
66,WHS7_108,Per capita government expenditure on health (PPP int. $),https://www.who.int/data/gho/indicator-metadata-registry/imr-details/108,NHA_PHL,Philippines note,,PUBLISHED,Published,,2000.0,2000,,WPR,2000,2000,Western Pacific,,WB_LMI,Lower-middle-income,,PHL,Philippines,,51.16,51.15721,,,,,
67,WHS7_108,Per capita government expenditure on health (PPP int. $),https://www.who.int/data/gho/indicator-metadata-registry/imr-details/108,NHA_PHL,Philippines note,,PUBLISHED,Published,,2001.0,2001,,WPR,2001,2001,Western Pacific,,WB_LMI,Lower-middle-income,,PHL,Philippines,,45.72,45.72191,,,,,
68,WHS7_108,Per capita government expenditure on health (PPP int. $),https://www.who.int/data/gho/indicator-metadata-registry/imr-details/108,NHA_PHL,Philippines note,,PUBLISHED,Published,,2002.0,2002,,WPR,2002,2002,Western Pacific,,WB_LMI,Lower-middle-income,,PHL,Philippines,,39.72,39.72381,,,,,
69,WHS7_108,Per capita government expenditure on health (PPP int. $),https://www.who.int/data/gho/indicator-metadata-registry/imr-details/108,NHA_PHL,Philippines note,,PUBLISHED,Published,,2003.0,2003,,WPR,2003,2003,Western Pacific,,WB_LMI,Lower-middle-income,,PHL,Philippines,,48.74,48.74372,,,,,
70,WHS7_108,Per capita government expenditure on health (PPP int. $),https://www.who.int/data/gho/indicator-metadata-registry/imr-details/108,NHA_PHL,Philippines note,,PUBLISHED,Published,,2004.0,2004,,WPR,2004,2004,Western Pacific,,WB_LMI,Lower-middle-income,,PHL,Philippines,,52.29,52.28914,,,,,
71,WHS7_108,Per capita government expenditure on health (PPP int. $),https://www.who.int/data/gho/indicator-metadata-registry/imr-details/108,NHA_PHL,Philippines note,,PUBLISHED,Published,,2005.0,2005,,WPR,2005,2005,Western Pacific,,WB_LMI,Lower-middle-income,,PHL,Philippines,,64.0,63.99610,,,,,
72,WHS7_108,Per capita government expenditure on health (PPP int. $),https://www.who.int/data/gho/indicator-metadata-registry/imr-details/108,NHA_PHL,Philippines note,,PUBLISHED,Published,,2006.0,2006,,WPR,2006,2006,Western Pacific,,WB_LMI,Lower-middle-income,,PHL,Philippines,,66.02,66.02152,,,,,
73,WHS7_108,Per capita government expenditure on health (PPP int. $),https://www.who.int/data/gho/indicator-metadata-registry/imr-details/108,NHA_PHL,Philippines note,,PUBLISHED,Published,,2007.0,2007,,WPR,2007,2007,Western Pacific,,WB_LMI,Lower-middle-income,,PHL,Philippines,,67.02,67.01519,,,,,
74,WHS7_108,Per capita government expenditure on health (PPP int. $),https://www.who.int/data/gho/indicator-metadata-registry/imr-details/108,NHA_PHL,Philippines note,,PUBLISHED,Published,,2008.0,2008,,WPR,2008,2008,Western Pacific,,WB_LMI,Lower-middle-income,,PHL,Philippines,,68.32,68.31951,,,,,
75,WHS7_108,Per capita government expenditure on health (PPP int. $),https://www.who.int/data/gho/indicator-metadata-registry/imr-details/108,NHA_PHL,Philippines note,,PUBLISHED,Published,,2009.0,2009,,WPR,2009,2009,Western Pacific,,WB_LMI,Lower-middle-income,,PHL,Philippines,,79.72,79.72280,,,,,
76,WHS7_108,Per capita government expenditure on health (PPP int. $),https://www.who.int/data/gho/indicator-metadata-registry/imr-details/108,NHA_PHL,Philippines note,,PUBLISHED,Published,,2010.0,2010,,WPR,2010,2010,Western Pacific,,WB_LMI,Lower-middle-income,,PHL,Philippines,,86.93,86.93315,,,,,
77,WHS7_108,Per capita government expenditure on health (PPP int. $),https://www.who.int/data/gho/indicator-metadata-registry/imr-details/108,NHA_PHL,Philippines note,,PUBLISHED,Published,,2011.0,2011,,WPR,2011,2011,Western Pacific,,WB_LMI,Lower-middle-income,,PHL,Philippines,,75.17,75.16959,,,,,
78,WHS7_108,Per capita government expenditure on health (PPP int. $),https://www.who.int/data/gho/indicator-metadata-registry/imr-details/108,NHA_PHL,Philippines note,,PUBLISHED,Published,,2012.0,2012,,WPR,2012,2012,Western Pacific,,WB_LMI,Lower-middle-income,,PHL,Philippines,,85.35,85.35203,,,,,
79,WHS7_108,Per capita government expenditure on health (PPP int. $),https://www.who.int/data/gho/indicator-metadata-registry/imr-details/108,NHA_PHL,Philippines note,,PUBLISHED,Published,,2013.0,2013,,WPR,2013,2013,Western Pacific,,WB_LMI,Lower-middle-income,,PHL,Philippines,,95.51,95.51495,,,,,
80,WHS7_108,Per capita government expenditure on health (PPP int. $),https://www.who.int/data/gho/indicator-metadata-registry/imr-details/108,NHA_PHL,Philippines note,,PUBLISHED,Published,,2014.0,2014,,WPR,2014,2014,Western Pacific,,WB_LMI,Lower-middle-income,,PHL,Philippines,,112.74,112.74451,,,,,
81,WHS7_113,General government expenditure on health as a percentage of total government expenditure,https://www.who.int/data/gho/indicator-metadata-registry/imr-details/93,NHA_PHL,Philippines note,,PUBLISHED,Published,,1995.0,1995,,WPR,1995,1995,Western Pacific,,WB_LMI,Lower-middle-income,,PHL,Philippines,,7.42,7.42280,,,,,
82,WHS7_113,General government expenditure on health as a percentage of total government expenditure,https://www.who.int/data/gho/indicator-metadata-registry/imr-details/93,NHA_PHL,Philippines note,,PUBLISHED,Published,,1996.0,1996,,WPR,1996,1996,Western Pacific,,WB_LMI,Lower-middle-income,,PHL,Philippines,,7.8,7.79919,,,,,
83,WHS7_113,General government expenditure on health as a percentage of total government expenditure,https://www.who.int/data/gho/indicator-metadata-registry/imr-details/93,NHA_PHL,Philippines note,,PUBLISHED,Published,,1997.0,1997,,WPR,1997,1997,Western Pacific,,WB_LMI,Lower-middle-income,,PHL,Philippines,,8.04,8.04018,,,,,
84,WHS7_113,General government expenditure on health as a percentage of total government expenditure,https://www.who.int/data/gho/indicator-metadata-registry/imr-details/93,NHA_PHL,Philippines note,,PUBLISHED,Published,,1998.0,1998,,WPR,1998,1998,Western Pacific,,WB_LMI,Lower-middle-income,,PHL,Philippines,,7.91,7.91177,,,,,
85,WHS7_113,General government expenditure on health as a percentage of total government expenditure,https://www.who.int/data/gho/indicator-metadata-registry/imr-details/93,NHA_PHL,Philippines note,,PUBLISHED,Published,,1999.0,1999,,WPR,1999,1999,Western Pacific,,WB_LMI,Lower-middle-income,,PHL,Philippines,,7.85,7.85188,,,,,
86,WHS7_113,General government expenditure on health as a percentage of total government expenditure,https://www.who.int/data/gho/indicator-metadata-registry/imr-details/93,NHA_PHL,Philippines note,,PUBLISHED,Published,,2000.0,2000,,WPR,2000,2000,Western Pacific,,WB_LMI,Lower-middle-income,,PHL,Philippines,,8.42,8.42391,,,,,
87,WHS7_113,General government expenditure on health as a percentage of total government expenditure,https://www.who.int/data/gho/indicator-metadata-registry/imr-details/93,NHA_PHL,Philippines note,,PUBLISHED,Published,,2001.0,2001,,WPR,2001,2001,Western Pacific,,WB_LMI,Lower-middle-income,,PHL,Philippines,,7.21,7.20849,,,,,
88,WHS7_113,General government expenditure on health as a percentage of total government expenditure,https://www.who.int/data/gho/indicator-metadata-registry/imr-details/93,NHA_PHL,Philippines note,,PUBLISHED,Published,,2002.0,2002,,WPR,2002,2002,Western Pacific,,WB_LMI,Lower-middle-income,,PHL,Philippines,,5.94,5.94065,,,,,
89,WHS7_113,General government expenditure on health as a percentage of total government expenditure,https://www.who.int/data/gho/indicator-metadata-registry/imr-details/93,NHA_PHL,Philippines note,,PUBLISHED,Published,,2003.0,2003,,WPR,2003,2003,Western Pacific,,WB_LMI,Lower-middle-income,,PHL,Philippines,,7.08,7.07563,,,,,
90,WHS7_113,General government expenditure on health as a percentage of total government expenditure,https://www.who.int/data/gho/indicator-metadata-registry/imr-details/93,NHA_PHL,Philippines note,,PUBLISHED,Published,,2004.0,2004,,WPR,2004,2004,Western Pacific,,WB_LMI,Lower-middle-income,,PHL,Philippines,,7.47,7.46564,,,,,
91,WHS7_113,General government expenditure on health as a percentage of total government expenditure,https://www.who.int/data/gho/indicator-metadata-registry/imr-details/93,NHA_PHL,Philippines note,,PUBLISHED,Published,,2005.0,2005,,WPR,2005,2005,Western Pacific,,WB_LMI,Lower-middle-income,,PHL,Philippines,,8.85,8.85415,,,,,
92,WHS7_113,General government expenditure on health as a percentage of total government expenditure,https://www.who.int/data/gho/indicator-metadata-registry/imr-details/93,NHA_PHL,Philippines note,,PUBLISHED,Published,,2006.0,2006,,WPR,2006,2006,Western Pacific,,WB_LMI,Lower-middle-income,,PHL,Philippines,,8.72,8.71950,,,,,
93,WHS7_113,General government expenditure on health as a percentage of total government expenditure,https://www.who.int/data/gho/indicator-metadata-registry/imr-details/93,NHA_PHL,Philippines note,,PUBLISHED,Published,,2007.0,2007,,WPR,2007,2007,Western Pacific,,WB_LMI,Lower-middle-income,,PHL,Philippines,,8.21,8.20543,,,,,
94,WHS7_113,General government expenditure on health as a percentage of total government expenditure,https://www.who.int/data/gho/indicator-metadata-registry/imr-details/93,NHA_PHL,Philippines note,,PUBLISHED,Published,,2008.0,2008,,WPR,2008,2008,Western Pacific,,WB_LMI,Lower-middle-income,,PHL,Philippines,,8.1,8.09585,,,,,
95,WHS7_113,General government expenditure on health as a percentage of total government expenditure,https://www.who.int/data/gho/indicator-metadata-registry/imr-details/93,NHA_PHL,Philippines note,,PUBLISHED,Published,,2009.0,2009,,WPR,2009,2009,Western Pacific,,WB_LMI,Lower-middle-income,,PHL,Philippines,,8.74,8.74272,,,,,
96,WHS7_113,General government expenditure on health as a percentage of total government expenditure,https://www.who.int/data/gho/indicator-metadata-registry/imr-details/93,NHA_PHL,Philippines note,,PUBLISHED,Published,,2010.0,2010,,WPR,2010,2010,Western Pacific,,WB_LMI,Lower-middle-income,,PHL,Philippines,,9.31,9.30692,,,,,
97,WHS7_113,General government expenditure on health as a percentage of total government expenditure,https://www.who.int/data/gho/indicator-metadata-registry/imr-details/93,NHA_PHL,Philippines note,,PUBLISHED,Published,,2011.0,2011,,WPR,2011,2011,Western Pacific,,WB_LMI,Lower-middle-income,,PHL,Philippines,,8.14,8.14190,,,,,
98,WHS7_113,General government expenditure on health as a percentage of total government expenditure,https://www.who.int/data/gho/indicator-metadata-registry/imr-details/93,NHA_PHL,Philippines note,,PUBLISHED,Published,,2012.0,2012,,WPR,2012,2012,Western Pacific,,WB_LMI,Lower-middle-income,,PHL,Philippines,,8.24,8.24017,,,,,
99,WHS7_113,General government expenditure on health as a percentage of total government expenditure,https://www.who.int/data/gho/indicator-metadata-registry/imr-details/93,NHA_PHL,Philippines note,,PUBLISHED,Published,,2013.0,2013,,WPR,2013,2013,Western Pacific,,WB_LMI,Lower-middle-income,,PHL,Philippines,,8.9,8.90131,,,,,
100,WHS7_113,General government expenditure on health as a percentage of total government expenditure,https://www.who.int/data/gho/indicator-metadata-registry/imr-details/93,NHA_PHL,Philippines note,,PUBLISHED,Published,,2014.0,2014,,WPR,2014,2014,Western Pacific,,WB_LMI,Lower-middle-income,,PHL,Philippines,,10.01,10.00647,,,,,
101,WHS7_120,External resources for health as a percentage of total expenditure on health,https://www.who.int/data/gho/indicator-metadata-registry/imr-details/91,NHA_PHL,Philippines note,,PUBLISHED,Published,,1995.0,1995,,WPR,1995,1995,Western Pacific,,WB_LMI,Lower-middle-income,,PHL,Philippines,,1.83,1.82551,,,,,
102,WHS7_120,External resources for health as a percentage of total expenditure on health,https://www.who.int/data/gho/indicator-metadata-registry/imr-details/91,NHA_PHL,Philippines note,,PUBLISHED,Published,,1996.0,1996,,WPR,1996,1996,Western Pacific,,WB_LMI,Lower-middle-income,,PHL,Philippines,,2.53,2.53348,,,,,
103,WHS7_120,External resources for health as a percentage of total expenditure on health,https://www.who.int/data/gho/indicator-metadata-registry/imr-details/91,NHA_PHL,Philippines note,,PUBLISHED,Published,,1997.0,1997,,WPR,1997,1997,Western Pacific,,WB_LMI,Lower-middle-income,,PHL,Philippines,,2.02,2.02150,,,,,
104,WHS7_120,External resources for health as a percentage of total expenditure on health,https://www.who.int/data/gho/indicator-metadata-registry/imr-details/91,NHA_PHL,Philippines note,,PUBLISHED,Published,,1998.0,1998,,WPR,1998,1998,Western Pacific,,WB_LMI,Lower-middle-income,,PHL,Philippines,,2.77,2.76672,,,,,
105,WHS7_120,External resources for health as a percentage of total expenditure on health,https://www.who.int/data/gho/indicator-metadata-registry/imr-details/91,NHA_PHL,Philippines note,,PUBLISHED,Published,,1999.0,1999,,WPR,1999,1999,Western Pacific,,WB_LMI,Lower-middle-income,,PHL,Philippines,,3.65,3.65244,,,,,
106,WHS7_120,External resources for health as a percentage of total expenditure on health,https://www.who.int/data/gho/indicator-metadata-registry/imr-details/91,NHA_PHL,Philippines note,,PUBLISHED,Published,,2000.0,2000,,WPR,2000,2000,Western Pacific,,WB_LMI,Lower-middle-income,,PHL,Philippines,,3.47,3.47273,,,,,
107,WHS7_120,External resources for health as a percentage of total expenditure on health,https://www.who.int/data/gho/indicator-metadata-registry/imr-details/91,NHA_PHL,Philippines note,,PUBLISHED,Published,,2001.0,2001,,WPR,2001,2001,Western Pacific,,WB_LMI,Lower-middle-income,,PHL,Philippines,,3.73,3.72598,,,,,
108,WHS7_120,External resources for health as a percentage of total expenditure on health,https://www.who.int/data/gho/indicator-metadata-registry/imr-details/91,NHA_PHL,Philippines note,,PUBLISHED,Published,,2002.0,2002,,WPR,2002,2002,Western Pacific,,WB_LMI,Lower-middle-income,,PHL,Philippines,,2.77,2.77305,,,,,
109,WHS7_120,External resources for health as a percentage of total expenditure on health,https://www.who.int/data/gho/indicator-metadata-registry/imr-details/91,NHA_PHL,Philippines note,,PUBLISHED,Published,,2003.0,2003,,WPR,2003,2003,Western Pacific,,WB_LMI,Lower-middle-income,,PHL,Philippines,,3.31,3.31200,,,,,
110,WHS7_120,External resources for health as a percentage of total expenditure on health,https://www.who.int/data/gho/indicator-metadata-registry/imr-details/91,NHA_PHL,Philippines note,,PUBLISHED,Published,,2004.0,2004,,WPR,2004,2004,Western Pacific,,WB_LMI,Lower-middle-income,,PHL,Philippines,,3.83,3.83435,,,,,
111,WHS7_120,External resources for health as a percentage of total expenditure on health,https://www.who.int/data/gho/indicator-metadata-registry/imr-details/91,NHA_PHL,Philippines note,,PUBLISHED,Published,,2005.0,2005,,WPR,2005,2005,Western Pacific,,WB_LMI,Lower-middle-income,,PHL,Philippines,,4.2,4.20081,,,,,
112,WHS7_120,External resources for health as a percentage of total expenditure on health,https://www.who.int/data/gho/indicator-metadata-registry/imr-details/91,NHA_PHL,Philippines note,,PUBLISHED,Published,,2006.0,2006,,WPR,2006,2006,Western Pacific,,WB_LMI,Lower-middle-income,,PHL,Philippines,,3.83,3.82505,,,,,
113,WHS7_120,External resources for health as a percentage of total expenditure on health,https://www.who.int/data/gho/indicator-metadata-registry/imr-details/91,NHA_PHL,Philippines note,,PUBLISHED,Published,,2007.0,2007,,WPR,2007,2007,Western Pacific,,WB_LMI,Lower-middle-income,,PHL,Philippines,,1.94,1.94332,,,,,
114,WHS7_120,External resources for health as a percentage of total expenditure on health,https://www.who.int/data/gho/indicator-metadata-registry/imr-details/91,NHA_PHL,Philippines note,,PUBLISHED,Published,,2008.0,2008,,WPR,2008,2008,Western Pacific,,WB_LMI,Lower-middle-income,,PHL,Philippines,,1.48,1.48095,,,,,
115,WHS7_120,External resources for health as a percentage of total expenditure on health,https://www.who.int/data/gho/indicator-metadata-registry/imr-details/91,NHA_PHL,Philippines note,,PUBLISHED,Published,,2009.0,2009,,WPR,2009,2009,Western Pacific,,WB_LMI,Lower-middle-income,,PHL,Philippines,,2.31,2.31251,,,,,
116,WHS7_120,External resources for health as a percentage of total expenditure on health,https://www.who.int/data/gho/indicator-metadata-registry/imr-details/91,NHA_PHL,Philippines note,,PUBLISHED,Published,,2010.0,2010,,WPR,2010,2010,Western Pacific,,WB_LMI,Lower-middle-income,,PHL,Philippines,,1.77,1.76786,,,,,
117,WHS7_120,External resources for health as a percentage of total expenditure on health,https://www.who.int/data/gho/indicator-metadata-registry/imr-details/91,NHA_PHL,Philippines note,,PUBLISHED,Published,,2011.0,2011,,WPR,2011,2011,Western Pacific,,WB_LMI,Lower-middle-income,,PHL,Philippines,,1.02,1.01782,,,,,
118,WHS7_120,External resources for health as a percentage of total expenditure on health,https://www.who.int/data/gho/indicator-metadata-registry/imr-details/91,NHA_PHL,Philippines note,,PUBLISHED,Published,,2012.0,2012,,WPR,2012,2012,Western Pacific,,WB_LMI,Lower-middle-income,,PHL,Philippines,,1.25,1.25215,,,,,
119,WHS7_120,External resources for health as a percentage of total expenditure on health,https://www.who.int/data/gho/indicator-metadata-registry/imr-details/91,NHA_PHL,Philippines note,,PUBLISHED,Published,,2013.0,2013,,WPR,2013,2013,Western Pacific,,WB_LMI,Lower-middle-income,,PHL,Philippines,,1.71,1.71277,,,,,
120,WHS7_120,External resources for health as a percentage of total expenditure on health,https://www.who.int/data/gho/indicator-metadata-registry/imr-details/91,NHA_PHL,Philippines note,,PUBLISHED,Published,,2014.0,2014,,WPR,2014,2014,Western Pacific,,WB_LMI,Lower-middle-income,,PHL,Philippines,,1.36,1.35566,,,,,
121,WHS7_134,Social security expenditure on health as a percentage of general government expenditure on health,https://www.who.int/data/gho/indicator-metadata-registry/imr-details/121,NHA_PHL,Philippines note,,PUBLISHED,Published,,1995.0,1995,,WPR,1995,1995,Western Pacific,,WB_LMI,Lower-middle-income,,PHL,Philippines,,11.38,11.37936,,,,,
122,WHS7_134,Social security expenditure on health as a percentage of general government expenditure on health,https://www.who.int/data/gho/indicator-metadata-registry/imr-details/121,NHA_PHL,Philippines note,,PUBLISHED,Published,,1996.0,1996,,WPR,1996,1996,Western Pacific,,WB_LMI,Lower-middle-income,,PHL,Philippines,,12.23,12.22689,,,,,
123,WHS7_134,Social security expenditure on health as a percentage of general government expenditure on health,https://www.who.int/data/gho/indicator-metadata-registry/imr-details/121,NHA_PHL,Philippines note,,PUBLISHED,Published,,1997.0,1997,,WPR,1997,1997,Western Pacific,,WB_LMI,Lower-middle-income,,PHL,Philippines,,11.81,11.80759,,,,,
124,WHS7_134,Social security expenditure on health as a percentage of general government expenditure on health,https://www.who.int/data/gho/indicator-metadata-registry/imr-details/121,NHA_PHL,Philippines note,,PUBLISHED,Published,,1998.0,1998,,WPR,1998,1998,Western Pacific,,WB_LMI,Lower-middle-income,,PHL,Philippines,,8.81,8.80988,,,,,
125,WHS7_134,Social security expenditure on health as a percentage of general government expenditure on health,https://www.who.int/data/gho/indicator-metadata-registry/imr-details/121,NHA_PHL,Philippines note,,PUBLISHED,Published,,1999.0,1999,,WPR,1999,1999,Western Pacific,,WB_LMI,Lower-middle-income,,PHL,Philippines,,11.36,11.35831,,,,,
126,WHS7_134,Social security expenditure on health as a percentage of general government expenditure on health,https://www.who.int/data/gho/indicator-metadata-registry/imr-details/121,NHA_PHL,Philippines note,,PUBLISHED,Published,,2000.0,2000,,WPR,2000,2000,Western Pacific,,WB_LMI,Lower-middle-income,,PHL,Philippines,,14.74,14.74092,,,,,
127,WHS7_134,Social security expenditure on health as a percentage of general government expenditure on health,https://www.who.int/data/gho/indicator-metadata-registry/imr-details/121,NHA_PHL,Philippines note,,PUBLISHED,Published,,2001.0,2001,,WPR,2001,2001,Western Pacific,,WB_LMI,Lower-middle-income,,PHL,Philippines,,17.98,17.97716,,,,,
128,WHS7_134,Social security expenditure on health as a percentage of general government expenditure on health,https://www.who.int/data/gho/indicator-metadata-registry/imr-details/121,NHA_PHL,Philippines note,,PUBLISHED,Published,,2002.0,2002,,WPR,2002,2002,Western Pacific,,WB_LMI,Lower-middle-income,,PHL,Philippines,,22.57,22.56731,,,,,
129,WHS7_134,Social security expenditure on health as a percentage of general government expenditure on health,https://www.who.int/data/gho/indicator-metadata-registry/imr-details/121,NHA_PHL,Philippines note,,PUBLISHED,Published,,2003.0,2003,,WPR,2003,2003,Western Pacific,,WB_LMI,Lower-middle-income,,PHL,Philippines,,22.67,22.67195,,,,,
130,WHS7_134,Social security expenditure on health as a percentage of general government expenditure on health,https://www.who.int/data/gho/indicator-metadata-registry/imr-details/121,NHA_PHL,Philippines note,,PUBLISHED,Published,,2004.0,2004,,WPR,2004,2004,Western Pacific,,WB_LMI,Lower-middle-income,,PHL,Philippines,,23.88,23.88125,,,,,
131,WHS7_134,Social security expenditure on health as a percentage of general government expenditure on health,https://www.who.int/data/gho/indicator-metadata-registry/imr-details/121,NHA_PHL,Philippines note,,PUBLISHED,Published,,2005.0,2005,,WPR,2005,2005,Western Pacific,,WB_LMI,Lower-middle-income,,PHL,Philippines,,22.71,22.70688,,,,,
132,WHS7_134,Social security expenditure on health as a percentage of general government expenditure on health,https://www.who.int/data/gho/indicator-metadata-registry/imr-details/121,NHA_PHL,Philippines note,,PUBLISHED,Published,,2006.0,2006,,WPR,2006,2006,Western Pacific,,WB_LMI,Lower-middle-income,,PHL,Philippines,,20.97,20.97086,,,,,
133,WHS7_134,Social security expenditure on health as a percentage of general government expenditure on health,https://www.who.int/data/gho/indicator-metadata-registry/imr-details/121,NHA_PHL,Philippines note,,PUBLISHED,Published,,2007.0,2007,,WPR,2007,2007,Western Pacific,,WB_LMI,Lower-middle-income,,PHL,Philippines,,21.18,21.18410,,,,,
134,WHS7_134,Social security expenditure on health as a percentage of general government expenditure on health,https://www.who.int/data/gho/indicator-metadata-registry/imr-details/121,NHA_PHL,Philippines note,,PUBLISHED,Published,,2008.0,2008,,WPR,2008,2008,Western Pacific,,WB_LMI,Lower-middle-income,,PHL,Philippines,,20.83,20.82993,,,,,
135,WHS7_134,Social security expenditure on health as a percentage of general government expenditure on health,https://www.who.int/data/gho/indicator-metadata-registry/imr-details/121,NHA_PHL,Philippines note,,PUBLISHED,Published,,2009.0,2009,,WPR,2009,2009,Western Pacific,,WB_LMI,Lower-middle-income,,PHL,Philippines,,22.44,22.44346,,,,,
136,WHS7_134,Social security expenditure on health as a percentage of general government expenditure on health,https://www.who.int/data/gho/indicator-metadata-registry/imr-details/121,NHA_PHL,Philippines note,,PUBLISHED,Published,,2010.0,2010,,WPR,2010,2010,Western Pacific,,WB_LMI,Lower-middle-income,,PHL,Philippines,,23.94,23.94362,,,,,
137,WHS7_134,Social security expenditure on health as a percentage of general government expenditure on health,https://www.who.int/data/gho/indicator-metadata-registry/imr-details/121,NHA_PHL,Philippines note,,PUBLISHED,Published,,2011.0,2011,,WPR,2011,2011,Western Pacific,,WB_LMI,Lower-middle-income,,PHL,Philippines,,30.92,30.91524,,,,,
138,WHS7_134,Social security expenditure on health as a percentage of general government expenditure on health,https://www.who.int/data/gho/indicator-metadata-registry/imr-details/121,NHA_PHL,Philippines note,,PUBLISHED,Published,,2012.0,2012,,WPR,2012,2012,Western Pacific,,WB_LMI,Lower-middle-income,,PHL,Philippines,,35.89,35.88632,,,,,
139,WHS7_134,Social security expenditure on health as a percentage of general government expenditure on health,https://www.who.int/data/gho/indicator-metadata-registry/imr-details/121,NHA_PHL,Philippines note,,PUBLISHED,Published,,2013.0,2013,,WPR,2013,2013,Western Pacific,,WB_LMI,Lower-middle-income,,PHL,Philippines,,36.11,36.11384,,,,,
140,WHS7_134,Social security expenditure on health as a percentage of general government expenditure on health,https://www.who.int/data/gho/indicator-metadata-registry/imr-details/121,NHA_PHL,Philippines note,,PUBLISHED,Published,,2014.0,2014,,WPR,2014,2014,Western Pacific,,WB_LMI,Lower-middle-income,,PHL,Philippines,,40.86,40.85934,,,,,
141,WHS7_139,Out-of-pocket expenditure as a percentage of private expenditure on health,https://www.who.int/data/gho/indicator-metadata-registry/imr-details/107,NHA_PHL,Philippines note,,PUBLISHED,Published,,1995.0,1995,,WPR,1995,1995,Western Pacific,,WB_LMI,Lower-middle-income,,PHL,Philippines,,82.72,82.71505,,,,,
142,WHS7_139,Out-of-pocket expenditure as a percentage of private expenditure on health,https://www.who.int/data/gho/indicator-metadata-registry/imr-details/107,NHA_PHL,Philippines note,,PUBLISHED,Published,,1996.0,1996,,WPR,1996,1996,Western Pacific,,WB_LMI,Lower-middle-income,,PHL,Philippines,,81.75,81.75131,,,,,
143,WHS7_139,Out-of-pocket expenditure as a percentage of private expenditure on health,https://www.who.int/data/gho/indicator-metadata-registry/imr-details/107,NHA_PHL,Philippines note,,PUBLISHED,Published,,1997.0,1997,,WPR,1997,1997,Western Pacific,,WB_LMI,Lower-middle-income,,PHL,Philippines,,81.62,81.61966,,,,,
144,WHS7_139,Out-of-pocket expenditure as a percentage of private expenditure on health,https://www.who.int/data/gho/indicator-metadata-registry/imr-details/107,NHA_PHL,Philippines note,,PUBLISHED,Published,,1998.0,1998,,WPR,1998,1998,Western Pacific,,WB_LMI,Lower-middle-income,,PHL,Philippines,,81.13,81.13434,,,,,
145,WHS7_139,Out-of-pocket expenditure as a percentage of private expenditure on health,https://www.who.int/data/gho/indicator-metadata-registry/imr-details/107,NHA_PHL,Philippines note,,PUBLISHED,Published,,1999.0,1999,,WPR,1999,1999,Western Pacific,,WB_LMI,Lower-middle-income,,PHL,Philippines,,77.64,77.63785,,,,,
146,WHS7_139,Out-of-pocket expenditure as a percentage of private expenditure on health,https://www.who.int/data/gho/indicator-metadata-registry/imr-details/107,NHA_PHL,Philippines note,,PUBLISHED,Published,,2000.0,2000,,WPR,2000,2000,Western Pacific,,WB_LMI,Lower-middle-income,,PHL,Philippines,,77.25,77.24751,,,,,
147,WHS7_139,Out-of-pocket expenditure as a percentage of private expenditure on health,https://www.who.int/data/gho/indicator-metadata-registry/imr-details/107,NHA_PHL,Philippines note,,PUBLISHED,Published,,2001.0,2001,,WPR,2001,2001,Western Pacific,,WB_LMI,Lower-middle-income,,PHL,Philippines,,78.55,78.55063,,,,,
148,WHS7_139,Out-of-pocket expenditure as a percentage of private expenditure on health,https://www.who.int/data/gho/indicator-metadata-registry/imr-details/107,NHA_PHL,Philippines note,,PUBLISHED,Published,,2002.0,2002,,WPR,2002,2002,Western Pacific,,WB_LMI,Lower-middle-income,,PHL,Philippines,,77.97,77.96910,,,,,
149,WHS7_139,Out-of-pocket expenditure as a percentage of private expenditure on health,https://www.who.int/data/gho/indicator-metadata-registry/imr-details/107,NHA_PHL,Philippines note,,PUBLISHED,Published,,2003.0,2003,,WPR,2003,2003,Western Pacific,,WB_LMI,Lower-middle-income,,PHL,Philippines,,78.43,78.43310,,,,,
150,WHS7_139,Out-of-pocket expenditure as a percentage of private expenditure on health,https://www.who.int/data/gho/indicator-metadata-registry/imr-details/107,NHA_PHL,Philippines note,,PUBLISHED,Published,,2004.0,2004,,WPR,2004,2004,Western Pacific,,WB_LMI,Lower-middle-income,,PHL,Philippines,,78.63,78.62898,,,,,
151,WHS7_139,Out-of-pocket expenditure as a percentage of private expenditure on health,https://www.who.int/data/gho/indicator-metadata-registry/imr-details/107,NHA_PHL,Philippines note,,PUBLISHED,Published,,2005.0,2005,,WPR,2005,2005,Western Pacific,,WB_LMI,Lower-middle-income,,PHL,Philippines,,84.25,84.25368,,,,,
152,WHS7_139,Out-of-pocket expenditure as a percentage of private expenditure on health,https://www.who.int/data/gho/indicator-metadata-registry/imr-details/107,NHA_PHL,Philippines note,,PUBLISHED,Published,,2006.0,2006,,WPR,2006,2006,Western Pacific,,WB_LMI,Lower-middle-income,,PHL,Philippines,,85.3,85.30479,,,,,
153,WHS7_139,Out-of-pocket expenditure as a percentage of private expenditure on health,https://www.who.int/data/gho/indicator-metadata-registry/imr-details/107,NHA_PHL,Philippines note,,PUBLISHED,Published,,2007.0,2007,,WPR,2007,2007,Western Pacific,,WB_LMI,Lower-middle-income,,PHL,Philippines,,85.27,85.27321,,,,,
154,WHS7_139,Out-of-pocket expenditure as a percentage of private expenditure on health,https://www.who.int/data/gho/indicator-metadata-registry/imr-details/107,NHA_PHL,Philippines note,,PUBLISHED,Published,,2008.0,2008,,WPR,2008,2008,Western Pacific,,WB_LMI,Lower-middle-income,,PHL,Philippines,,85.24,85.24010,,,,,
155,WHS7_139,Out-of-pocket expenditure as a percentage of private expenditure on health,https://www.who.int/data/gho/indicator-metadata-registry/imr-details/107,NHA_PHL,Philippines note,,PUBLISHED,Published,,2009.0,2009,,WPR,2009,2009,Western Pacific,,WB_LMI,Lower-middle-income,,PHL,Philippines,,84.55,84.54650,,,,,
156,WHS7_139,Out-of-pocket expenditure as a percentage of private expenditure on health,https://www.who.int/data/gho/indicator-metadata-registry/imr-details/107,NHA_PHL,Philippines note,,PUBLISHED,Published,,2010.0,2010,,WPR,2010,2010,Western Pacific,,WB_LMI,Lower-middle-income,,PHL,Philippines,,84.47,84.46907,,,,,
157,WHS7_139,Out-of-pocket expenditure as a percentage of private expenditure on health,https://www.who.int/data/gho/indicator-metadata-registry/imr-details/107,NHA_PHL,Philippines note,,PUBLISHED,Published,,2011.0,2011,,WPR,2011,2011,Western Pacific,,WB_LMI,Lower-middle-income,,PHL,Philippines,,83.02,83.02483,,,,,
158,WHS7_139,Out-of-pocket expenditure as a percentage of private expenditure on health,https://www.who.int/data/gho/indicator-metadata-registry/imr-details/107,NHA_PHL,Philippines note,,PUBLISHED,Published,,2012.0,2012,,WPR,2012,2012,Western Pacific,,WB_LMI,Lower-middle-income,,PHL,Philippines,,83.0,82.99588,,,,,
159,WHS7_139,Out-of-pocket expenditure as a percentage of private expenditure on health,https://www.who.int/data/gho/indicator-metadata-registry/imr-details/107,NHA_PHL,Philippines note,,PUBLISHED,Published,,2013.0,2013,,WPR,2013,2013,Western Pacific,,WB_LMI,Lower-middle-income,,PHL,Philippines,,82.61,82.60507,,,,,
160,WHS7_139,Out-of-pocket expenditure as a percentage of private expenditure on health,https://www.who.int/data/gho/indicator-metadata-registry/imr-details/107,NHA_PHL,Philippines note,,PUBLISHED,Published,,2014.0,2014,,WPR,2014,2014,Western Pacific,,WB_LMI,Lower-middle-income,,PHL,Philippines,,81.69,81.69037,,,,,
161,WHS7_143,Total expenditure on health as a percentage of gross domestic product,https://www.who.int/data/gho/indicator-metadata-registry/imr-details/122,NHA_PHL,Philippines note,,PUBLISHED,Published,,1995.0,1995,,WPR,1995,1995,Western Pacific,,WB_LMI,Lower-middle-income,,PHL,Philippines,,3.45,3.44929,,,,,
162,WHS7_143,Total expenditure on health as a percentage of gross domestic product,https://www.who.int/data/gho/indicator-metadata-registry/imr-details/122,NHA_PHL,Philippines note,,PUBLISHED,Published,,1996.0,1996,,WPR,1996,1996,Western Pacific,,WB_LMI,Lower-middle-income,,PHL,Philippines,,3.54,3.54188,,,,,
163,WHS7_143,Total expenditure on health as a percentage of gross domestic product,https://www.who.int/data/gho/indicator-metadata-registry/imr-details/122,NHA_PHL,Philippines note,,PUBLISHED,Published,,1997.0,1997,,WPR,1997,1997,Western Pacific,,WB_LMI,Lower-middle-income,,PHL,Philippines,,3.62,3.61928,,,,,
164,WHS7_143,Total expenditure on health as a percentage of gross domestic product,https://www.who.int/data/gho/indicator-metadata-registry/imr-details/122,NHA_PHL,Philippines note,,PUBLISHED,Published,,1998.0,1998,,WPR,1998,1998,Western Pacific,,WB_LMI,Lower-middle-income,,PHL,Philippines,,3.2,3.19884,,,,,
165,WHS7_143,Total expenditure on health as a percentage of gross domestic product,https://www.who.int/data/gho/indicator-metadata-registry/imr-details/122,NHA_PHL,Philippines note,,PUBLISHED,Published,,1999.0,1999,,WPR,1999,1999,Western Pacific,,WB_LMI,Lower-middle-income,,PHL,Philippines,,3.23,3.23122,,,,,
166,WHS7_143,Total expenditure on health as a percentage of gross domestic product,https://www.who.int/data/gho/indicator-metadata-registry/imr-details/122,NHA_PHL,Philippines note,,PUBLISHED,Published,,2000.0,2000,,WPR,2000,2000,Western Pacific,,WB_LMI,Lower-middle-income,,PHL,Philippines,,3.21,3.20918,,,,,
167,WHS7_143,Total expenditure on health as a percentage of gross domestic product,https://www.who.int/data/gho/indicator-metadata-registry/imr-details/122,NHA_PHL,Philippines note,,PUBLISHED,Published,,2001.0,2001,,WPR,2001,2001,Western Pacific,,WB_LMI,Lower-middle-income,,PHL,Philippines,,3.0,2.99840,,,,,
168,WHS7_143,Total expenditure on health as a percentage of gross domestic product,https://www.who.int/data/gho/indicator-metadata-registry/imr-details/122,NHA_PHL,Philippines note,,PUBLISHED,Published,,2002.0,2002,,WPR,2002,2002,Western Pacific,,WB_LMI,Lower-middle-income,,PHL,Philippines,,2.79,2.79116,,,,,
169,WHS7_143,Total expenditure on health as a percentage of gross domestic product,https://www.who.int/data/gho/indicator-metadata-registry/imr-details/122,NHA_PHL,Philippines note,,PUBLISHED,Published,,2003.0,2003,,WPR,2003,2003,Western Pacific,,WB_LMI,Lower-middle-income,,PHL,Philippines,,3.25,3.24713,,,,,
170,WHS7_143,Total expenditure on health as a percentage of gross domestic product,https://www.who.int/data/gho/indicator-metadata-registry/imr-details/122,NHA_PHL,Philippines note,,PUBLISHED,Published,,2004.0,2004,,WPR,2004,2004,Western Pacific,,WB_LMI,Lower-middle-income,,PHL,Philippines,,3.23,3.22815,,,,,
171,WHS7_143,Total expenditure on health as a percentage of gross domestic product,https://www.who.int/data/gho/indicator-metadata-registry/imr-details/122,NHA_PHL,Philippines note,,PUBLISHED,Published,,2005.0,2005,,WPR,2005,2005,Western Pacific,,WB_LMI,Lower-middle-income,,PHL,Philippines,,3.91,3.91385,,,,,
172,WHS7_143,Total expenditure on health as a percentage of gross domestic product,https://www.who.int/data/gho/indicator-metadata-registry/imr-details/122,NHA_PHL,Philippines note,,PUBLISHED,Published,,2006.0,2006,,WPR,2006,2006,Western Pacific,,WB_LMI,Lower-middle-income,,PHL,Philippines,,3.95,3.95165,,,,,
173,WHS7_143,Total expenditure on health as a percentage of gross domestic product,https://www.who.int/data/gho/indicator-metadata-registry/imr-details/122,NHA_PHL,Philippines note,,PUBLISHED,Published,,2007.0,2007,,WPR,2007,2007,Western Pacific,,WB_LMI,Lower-middle-income,,PHL,Philippines,,3.94,3.94034,,,,,
174,WHS7_143,Total expenditure on health as a percentage of gross domestic product,https://www.who.int/data/gho/indicator-metadata-registry/imr-details/122,NHA_PHL,Philippines note,,PUBLISHED,Published,,2008.0,2008,,WPR,2008,2008,Western Pacific,,WB_LMI,Lower-middle-income,,PHL,Philippines,,4.05,4.04748,,,,,
175,WHS7_143,Total expenditure on health as a percentage of gross domestic product,https://www.who.int/data/gho/indicator-metadata-registry/imr-details/122,NHA_PHL,Philippines note,,PUBLISHED,Published,,2009.0,2009,,WPR,2009,2009,Western Pacific,,WB_LMI,Lower-middle-income,,PHL,Philippines,,4.41,4.41044,,,,,
176,WHS7_143,Total expenditure on health as a percentage of gross domestic product,https://www.who.int/data/gho/indicator-metadata-registry/imr-details/122,NHA_PHL,Philippines note,,PUBLISHED,Published,,2010.0,2010,,WPR,2010,2010,Western Pacific,,WB_LMI,Lower-middle-income,,PHL,Philippines,,4.37,4.37397,,,,,
177,WHS7_143,Total expenditure on health as a percentage of gross domestic product,https://www.who.int/data/gho/indicator-metadata-registry/imr-details/122,NHA_PHL,Philippines note,,PUBLISHED,Published,,2011.0,2011,,WPR,2011,2011,Western Pacific,,WB_LMI,Lower-middle-income,,PHL,Philippines,,4.29,4.28993,,,,,
178,WHS7_143,Total expenditure on health as a percentage of gross domestic product,https://www.who.int/data/gho/indicator-metadata-registry/imr-details/122,NHA_PHL,Philippines note,,PUBLISHED,Published,,2012.0,2012,,WPR,2012,2012,Western Pacific,,WB_LMI,Lower-middle-income,,PHL,Philippines,,4.46,4.45815,,,,,
179,WHS7_143,Total expenditure on health as a percentage of gross domestic product,https://www.who.int/data/gho/indicator-metadata-registry/imr-details/122,NHA_PHL,Philippines note,,PUBLISHED,Published,,2013.0,2013,,WPR,2013,2013,Western Pacific,,WB_LMI,Lower-middle-income,,PHL,Philippines,,4.56,4.55779,,,,,
180,WHS7_143,Total expenditure on health as a percentage of gross domestic product,https://www.who.int/data/gho/indicator-metadata-registry/imr-details/122,NHA_PHL,Philippines note,,PUBLISHED,Published,,2014.0,2014,,WPR,2014,2014,Western Pacific,,WB_LMI,Lower-middle-income,,PHL,Philippines,,4.71,4.70999,,,,,
181,WHS7_147,Private expenditure on health as a percentage of total expenditure on health,https://www.who.int/data/gho/indicator-metadata-registry/imr-details/119,NHA_PHL,Philippines note,,PUBLISHED,Published,,1995.0,1995,,WPR,1995,1995,Western Pacific,,WB_LMI,Lower-middle-income,,PHL,Philippines,,60.47,60.46560,,,,,
182,WHS7_147,Private expenditure on health as a percentage of total expenditure on health,https://www.who.int/data/gho/indicator-metadata-registry/imr-details/119,NHA_PHL,Philippines note,,PUBLISHED,Published,,1996.0,1996,,WPR,1996,1996,Western Pacific,,WB_LMI,Lower-middle-income,,PHL,Philippines,,59.02,59.02107,,,,,
183,WHS7_147,Private expenditure on health as a percentage of total expenditure on health,https://www.who.int/data/gho/indicator-metadata-registry/imr-details/119,NHA_PHL,Philippines note,,PUBLISHED,Published,,1997.0,1997,,WPR,1997,1997,Western Pacific,,WB_LMI,Lower-middle-income,,PHL,Philippines,,56.95,56.94975,,,,,
184,WHS7_147,Private expenditure on health as a percentage of total expenditure on health,https://www.who.int/data/gho/indicator-metadata-registry/imr-details/119,NHA_PHL,Philippines note,,PUBLISHED,Published,,1998.0,1998,,WPR,1998,1998,Western Pacific,,WB_LMI,Lower-middle-income,,PHL,Philippines,,57.07,57.07175,,,,,
185,WHS7_147,Private expenditure on health as a percentage of total expenditure on health,https://www.who.int/data/gho/indicator-metadata-registry/imr-details/119,NHA_PHL,Philippines note,,PUBLISHED,Published,,1999.0,1999,,WPR,1999,1999,Western Pacific,,WB_LMI,Lower-middle-income,,PHL,Philippines,,55.8,55.79509,,,,,
186,WHS7_147,Private expenditure on health as a percentage of total expenditure on health,https://www.who.int/data/gho/indicator-metadata-registry/imr-details/119,NHA_PHL,Philippines note,,PUBLISHED,Published,,2000.0,2000,,WPR,2000,2000,Western Pacific,,WB_LMI,Lower-middle-income,,PHL,Philippines,,52.43,52.42515,,,,,
187,WHS7_147,Private expenditure on health as a percentage of total expenditure on health,https://www.who.int/data/gho/indicator-metadata-registry/imr-details/119,NHA_PHL,Philippines note,,PUBLISHED,Published,,2001.0,2001,,WPR,2001,2001,Western Pacific,,WB_LMI,Lower-middle-income,,PHL,Philippines,,55.83,55.82832,,,,,
188,WHS7_147,Private expenditure on health as a percentage of total expenditure on health,https://www.who.int/data/gho/indicator-metadata-registry/imr-details/119,NHA_PHL,Philippines note,,PUBLISHED,Published,,2002.0,2002,,WPR,2002,2002,Western Pacific,,WB_LMI,Lower-middle-income,,PHL,Philippines,,59.99,59.99363,,,,,
189,WHS7_147,Private expenditure on health as a percentage of total expenditure on health,https://www.who.int/data/gho/indicator-metadata-registry/imr-details/119,NHA_PHL,Philippines note,,PUBLISHED,Published,,2003.0,2003,,WPR,2003,2003,Western Pacific,,WB_LMI,Lower-middle-income,,PHL,Philippines,,59.77,59.77371,,,,,
190,WHS7_147,Private expenditure on health as a percentage of total expenditure on health,https://www.who.int/data/gho/indicator-metadata-registry/imr-details/119,NHA_PHL,Philippines note,,PUBLISHED,Published,,2004.0,2004,,WPR,2004,2004,Western Pacific,,WB_LMI,Lower-middle-income,,PHL,Philippines,,59.63,59.63223,,,,,
191,WHS7_147,Private expenditure on health as a percentage of total expenditure on health,https://www.who.int/data/gho/indicator-metadata-registry/imr-details/119,NHA_PHL,Philippines note,,PUBLISHED,Published,,2005.0,2005,,WPR,2005,2005,Western Pacific,,WB_LMI,Lower-middle-income,,PHL,Philippines,,61.63,61.63249,,,,,
192,WHS7_147,Private expenditure on health as a percentage of total expenditure on health,https://www.who.int/data/gho/indicator-metadata-registry/imr-details/119,NHA_PHL,Philippines note,,PUBLISHED,Published,,2006.0,2006,,WPR,2006,2006,Western Pacific,,WB_LMI,Lower-middle-income,,PHL,Philippines,,63.25,63.25108,,,,,
193,WHS7_147,Private expenditure on health as a percentage of total expenditure on health,https://www.who.int/data/gho/indicator-metadata-registry/imr-details/119,NHA_PHL,Philippines note,,PUBLISHED,Published,,2007.0,2007,,WPR,2007,2007,Western Pacific,,WB_LMI,Lower-middle-income,,PHL,Philippines,,65.29,65.28660,,,,,
194,WHS7_147,Private expenditure on health as a percentage of total expenditure on health,https://www.who.int/data/gho/indicator-metadata-registry/imr-details/119,NHA_PHL,Philippines note,,PUBLISHED,Published,,2008.0,2008,,WPR,2008,2008,Western Pacific,,WB_LMI,Lower-middle-income,,PHL,Philippines,,67.07,67.07217,,,,,
195,WHS7_147,Private expenditure on health as a percentage of total expenditure on health,https://www.who.int/data/gho/indicator-metadata-registry/imr-details/119,NHA_PHL,Philippines note,,PUBLISHED,Published,,2009.0,2009,,WPR,2009,2009,Western Pacific,,WB_LMI,Lower-middle-income,,PHL,Philippines,,64.89,64.88610,,,,,
196,WHS7_147,Private expenditure on health as a percentage of total expenditure on health,https://www.who.int/data/gho/indicator-metadata-registry/imr-details/119,NHA_PHL,Philippines note,,PUBLISHED,Published,,2010.0,2010,,WPR,2010,2010,Western Pacific,,WB_LMI,Lower-middle-income,,PHL,Philippines,,64.02,64.02146,,,,,
197,WHS7_147,Private expenditure on health as a percentage of total expenditure on health,https://www.who.int/data/gho/indicator-metadata-registry/imr-details/119,NHA_PHL,Philippines note,,PUBLISHED,Published,,2011.0,2011,,WPR,2011,2011,Western Pacific,,WB_LMI,Lower-middle-income,,PHL,Philippines,,69.55,69.54813,,,,,
198,WHS7_147,Private expenditure on health as a percentage of total expenditure on health,https://www.who.int/data/gho/indicator-metadata-registry/imr-details/119,NHA_PHL,Philippines note,,PUBLISHED,Published,,2012.0,2012,,WPR,2012,2012,Western Pacific,,WB_LMI,Lower-middle-income,,PHL,Philippines,,68.91,68.90515,,,,,
199,WHS7_147,Private expenditure on health as a percentage of total expenditure on health,https://www.who.int/data/gho/indicator-metadata-registry/imr-details/119,NHA_PHL,Philippines note,,PUBLISHED,Published,,2013.0,2013,,WPR,2013,2013,Western Pacific,,WB_LMI,Lower-middle-income,,PHL,Philippines,,68.2,68.20349,,,,,
200,WHS7_147,Private expenditure on health as a percentage of total expenditure on health,https://www.who.int/data/gho/indicator-metadata-registry/imr-details/119,NHA_PHL,Philippines note,,PUBLISHED,Published,,2014.0,2014,,WPR,2014,2014,Western Pacific,,WB_LMI,Lower-middle-income,,PHL,Philippines,,65.72,65.71783,,,,,
201,WHS7_149,General government expenditure on health as a percentage of total expenditure on health,https://www.who.int/data/gho/indicator-metadata-registry/imr-details/92,NHA_PHL,Philippines note,,PUBLISHED,Published,,1995.0,1995,,WPR,1995,1995,Western Pacific,,WB_LMI,Lower-middle-income,,PHL,Philippines,,39.53,39.53440,,,,,
202,WHS7_149,General government expenditure on health as a percentage of total expenditure on health,https://www.who.int/data/gho/indicator-metadata-registry/imr-details/92,NHA_PHL,Philippines note,,PUBLISHED,Published,,1996.0,1996,,WPR,1996,1996,Western Pacific,,WB_LMI,Lower-middle-income,,PHL,Philippines,,40.98,40.97893,,,,,
203,WHS7_149,General government expenditure on health as a percentage of total expenditure on health,https://www.who.int/data/gho/indicator-metadata-registry/imr-details/92,NHA_PHL,Philippines note,,PUBLISHED,Published,,1997.0,1997,,WPR,1997,1997,Western Pacific,,WB_LMI,Lower-middle-income,,PHL,Philippines,,43.05,43.05025,,,,,
204,WHS7_149,General government expenditure on health as a percentage of total expenditure on health,https://www.who.int/data/gho/indicator-metadata-registry/imr-details/92,NHA_PHL,Philippines note,,PUBLISHED,Published,,1998.0,1998,,WPR,1998,1998,Western Pacific,,WB_LMI,Lower-middle-income,,PHL,Philippines,,42.93,42.92825,,,,,
205,WHS7_149,General government expenditure on health as a percentage of total expenditure on health,https://www.who.int/data/gho/indicator-metadata-registry/imr-details/92,NHA_PHL,Philippines note,,PUBLISHED,Published,,1999.0,1999,,WPR,1999,1999,Western Pacific,,WB_LMI,Lower-middle-income,,PHL,Philippines,,44.2,44.20491,,,,,
206,WHS7_149,General government expenditure on health as a percentage of total expenditure on health,https://www.who.int/data/gho/indicator-metadata-registry/imr-details/92,NHA_PHL,Philippines note,,PUBLISHED,Published,,2000.0,2000,,WPR,2000,2000,Western Pacific,,WB_LMI,Lower-middle-income,,PHL,Philippines,,47.57,47.57485,,,,,
207,WHS7_149,General government expenditure on health as a percentage of total expenditure on health,https://www.who.int/data/gho/indicator-metadata-registry/imr-details/92,NHA_PHL,Philippines note,,PUBLISHED,Published,,2001.0,2001,,WPR,2001,2001,Western Pacific,,WB_LMI,Lower-middle-income,,PHL,Philippines,,44.17,44.17168,,,,,
208,WHS7_149,General government expenditure on health as a percentage of total expenditure on health,https://www.who.int/data/gho/indicator-metadata-registry/imr-details/92,NHA_PHL,Philippines note,,PUBLISHED,Published,,2002.0,2002,,WPR,2002,2002,Western Pacific,,WB_LMI,Lower-middle-income,,PHL,Philippines,,40.01,40.00637,,,,,
209,WHS7_149,General government expenditure on health as a percentage of total expenditure on health,https://www.who.int/data/gho/indicator-metadata-registry/imr-details/92,NHA_PHL,Philippines note,,PUBLISHED,Published,,2003.0,2003,,WPR,2003,2003,Western Pacific,,WB_LMI,Lower-middle-income,,PHL,Philippines,,40.23,40.22629,,,,,
210,WHS7_149,General government expenditure on health as a percentage of total expenditure on health,https://www.who.int/data/gho/indicator-metadata-registry/imr-details/92,NHA_PHL,Philippines note,,PUBLISHED,Published,,2004.0,2004,,WPR,2004,2004,Western Pacific,,WB_LMI,Lower-middle-income,,PHL,Philippines,,40.37,40.36777,,,,,
211,WHS7_149,General government expenditure on health as a percentage of total expenditure on health,https://www.who.int/data/gho/indicator-metadata-registry/imr-details/92,NHA_PHL,Philippines note,,PUBLISHED,Published,,2005.0,2005,,WPR,2005,2005,Western Pacific,,WB_LMI,Lower-middle-income,,PHL,Philippines,,38.37,38.36751,,,,,
212,WHS7_149,General government expenditure on health as a percentage of total expenditure on health,https://www.who.int/data/gho/indicator-metadata-registry/imr-details/92,NHA_PHL,Philippines note,,PUBLISHED,Published,,2006.0,2006,,WPR,2006,2006,Western Pacific,,WB_LMI,Lower-middle-income,,PHL,Philippines,,36.75,36.74892,,,,,
213,WHS7_149,General government expenditure on health as a percentage of total expenditure on health,https://www.who.int/data/gho/indicator-metadata-registry/imr-details/92,NHA_PHL,Philippines note,,PUBLISHED,Published,,2007.0,2007,,WPR,2007,2007,Western Pacific,,WB_LMI,Lower-middle-income,,PHL,Philippines,,34.71,34.71340,,,,,
214,WHS7_149,General government expenditure on health as a percentage of total expenditure on health,https://www.who.int/data/gho/indicator-metadata-registry/imr-details/92,NHA_PHL,Philippines note,,PUBLISHED,Published,,2008.0,2008,,WPR,2008,2008,Western Pacific,,WB_LMI,Lower-middle-income,,PHL,Philippines,,32.93,32.92783,,,,,
215,WHS7_149,General government expenditure on health as a percentage of total expenditure on health,https://www.who.int/data/gho/indicator-metadata-registry/imr-details/92,NHA_PHL,Philippines note,,PUBLISHED,Published,,2009.0,2009,,WPR,2009,2009,Western Pacific,,WB_LMI,Lower-middle-income,,PHL,Philippines,,35.11,35.11390,,,,,
216,WHS7_149,General government expenditure on health as a percentage of total expenditure on health,https://www.who.int/data/gho/indicator-metadata-registry/imr-details/92,NHA_PHL,Philippines note,,PUBLISHED,Published,,2010.0,2010,,WPR,2010,2010,Western Pacific,,WB_LMI,Lower-middle-income,,PHL,Philippines,,35.98,35.97854,,,,,
217,WHS7_149,General government expenditure on health as a percentage of total expenditure on health,https://www.who.int/data/gho/indicator-metadata-registry/imr-details/92,NHA_PHL,Philippines note,,PUBLISHED,Published,,2011.0,2011,,WPR,2011,2011,Western Pacific,,WB_LMI,Lower-middle-income,,PHL,Philippines,,30.45,30.45187,,,,,
218,WHS7_149,General government expenditure on health as a percentage of total expenditure on health,https://www.who.int/data/gho/indicator-metadata-registry/imr-details/92,NHA_PHL,Philippines note,,PUBLISHED,Published,,2012.0,2012,,WPR,2012,2012,Western Pacific,,WB_LMI,Lower-middle-income,,PHL,Philippines,,31.09,31.09485,,,,,
219,WHS7_149,General government expenditure on health as a percentage of total expenditure on health,https://www.who.int/data/gho/indicator-metadata-registry/imr-details/92,NHA_PHL,Philippines note,,PUBLISHED,Published,,2013.0,2013,,WPR,2013,2013,Western Pacific,,WB_LMI,Lower-middle-income,,PHL,Philippines,,31.8,31.79651,,,,,
220,WHS7_149,General government expenditure on health as a percentage of total expenditure on health,https://www.who.int/data/gho/indicator-metadata-registry/imr-details/92,NHA_PHL,Philippines note,,PUBLISHED,Published,,2014.0,2014,,WPR,2014,2014,Western Pacific,,WB_LMI,Lower-middle-income,,PHL,Philippines,,34.28,34.28217,,,,,
221,WHS7_156,Per capita total expenditure on health at average exchange rate (US$),https://www.who.int/data/gho/indicator-metadata-registry/imr-details/111,NHA_PHL,Philippines note,,PUBLISHED,Published,,1995.0,1995,,WPR,1995,1995,Western Pacific,,WB_LMI,Lower-middle-income,,PHL,Philippines,,36.61,36.60889,,,,,
222,WHS7_156,Per capita total expenditure on health at average exchange rate (US$),https://www.who.int/data/gho/indicator-metadata-registry/imr-details/111,NHA_PHL,Philippines note,,PUBLISHED,Published,,1996.0,1996,,WPR,1996,1996,Western Pacific,,WB_LMI,Lower-middle-income,,PHL,Philippines,,41.08,41.07564,,,,,
223,WHS7_156,Per capita total expenditure on health at average exchange rate (US$),https://www.who.int/data/gho/indicator-metadata-registry/imr-details/111,NHA_PHL,Philippines note,,PUBLISHED,Published,,1997.0,1997,,WPR,1997,1997,Western Pacific,,WB_LMI,Lower-middle-income,,PHL,Philippines,,40.8,40.80181,,,,,
224,WHS7_156,Per capita total expenditure on health at average exchange rate (US$),https://www.who.int/data/gho/indicator-metadata-registry/imr-details/111,NHA_PHL,Philippines note,,PUBLISHED,Published,,1998.0,1998,,WPR,1998,1998,Western Pacific,,WB_LMI,Lower-middle-income,,PHL,Philippines,,30.94,30.93895,,,,,
225,WHS7_156,Per capita total expenditure on health at average exchange rate (US$),https://www.who.int/data/gho/indicator-metadata-registry/imr-details/111,NHA_PHL,Philippines note,,PUBLISHED,Published,,1999.0,1999,,WPR,1999,1999,Western Pacific,,WB_LMI,Lower-middle-income,,PHL,Philippines,,35.15,35.15430,,,,,
226,WHS7_156,Per capita total expenditure on health at average exchange rate (US$),https://www.who.int/data/gho/indicator-metadata-registry/imr-details/111,NHA_PHL,Philippines note,,PUBLISHED,Published,,2000.0,2000,,WPR,2000,2000,Western Pacific,,WB_LMI,Lower-middle-income,,PHL,Philippines,,33.37,33.36569,,,,,
227,WHS7_156,Per capita total expenditure on health at average exchange rate (US$),https://www.who.int/data/gho/indicator-metadata-registry/imr-details/111,NHA_PHL,Philippines note,,PUBLISHED,Published,,2001.0,2001,,WPR,2001,2001,Western Pacific,,WB_LMI,Lower-middle-income,,PHL,Philippines,,28.72,28.72498,,,,,
228,WHS7_156,Per capita total expenditure on health at average exchange rate (US$),https://www.who.int/data/gho/indicator-metadata-registry/imr-details/111,NHA_PHL,Philippines note,,PUBLISHED,Published,,2002.0,2002,,WPR,2002,2002,Western Pacific,,WB_LMI,Lower-middle-income,,PHL,Philippines,,27.93,27.93334,,,,,
229,WHS7_156,Per capita total expenditure on health at average exchange rate (US$),https://www.who.int/data/gho/indicator-metadata-registry/imr-details/111,NHA_PHL,Philippines note,,PUBLISHED,Published,,2003.0,2003,,WPR,2003,2003,Western Pacific,,WB_LMI,Lower-middle-income,,PHL,Philippines,,32.84,32.83779,,,,,
230,WHS7_156,Per capita total expenditure on health at average exchange rate (US$),https://www.who.int/data/gho/indicator-metadata-registry/imr-details/111,NHA_PHL,Philippines note,,PUBLISHED,Published,,2004.0,2004,,WPR,2004,2004,Western Pacific,,WB_LMI,Lower-middle-income,,PHL,Philippines,,34.87,34.86678,,,,,
231,WHS7_156,Per capita total expenditure on health at average exchange rate (US$),https://www.who.int/data/gho/indicator-metadata-registry/imr-details/111,NHA_PHL,Philippines note,,PUBLISHED,Published,,2005.0,2005,,WPR,2005,2005,Western Pacific,,WB_LMI,Lower-middle-income,,PHL,Philippines,,46.83,46.83083,,,,,
232,WHS7_156,Per capita total expenditure on health at average exchange rate (US$),https://www.who.int/data/gho/indicator-metadata-registry/imr-details/111,NHA_PHL,Philippines note,,PUBLISHED,Published,,2006.0,2006,,WPR,2006,2006,Western Pacific,,WB_LMI,Lower-middle-income,,PHL,Philippines,,55.13,55.13389,,,,,
233,WHS7_156,Per capita total expenditure on health at average exchange rate (US$),https://www.who.int/data/gho/indicator-metadata-registry/imr-details/111,NHA_PHL,Philippines note,,PUBLISHED,Published,,2007.0,2007,,WPR,2007,2007,Western Pacific,,WB_LMI,Lower-middle-income,,PHL,Philippines,,66.15,66.15252,,,,,
234,WHS7_156,Per capita total expenditure on health at average exchange rate (US$),https://www.who.int/data/gho/indicator-metadata-registry/imr-details/111,NHA_PHL,Philippines note,,PUBLISHED,Published,,2008.0,2008,,WPR,2008,2008,Western Pacific,,WB_LMI,Lower-middle-income,,PHL,Philippines,,78.08,78.08120,,,,,
235,WHS7_156,Per capita total expenditure on health at average exchange rate (US$),https://www.who.int/data/gho/indicator-metadata-registry/imr-details/111,NHA_PHL,Philippines note,,PUBLISHED,Published,,2009.0,2009,,WPR,2009,2009,Western Pacific,,WB_LMI,Lower-middle-income,,PHL,Philippines,,81.01,81.01420,,,,,
236,WHS7_156,Per capita total expenditure on health at average exchange rate (US$),https://www.who.int/data/gho/indicator-metadata-registry/imr-details/111,NHA_PHL,Philippines note,,PUBLISHED,Published,,2010.0,2010,,WPR,2010,2010,Western Pacific,,WB_LMI,Lower-middle-income,,PHL,Philippines,,93.83,93.83229,,,,,
237,WHS7_156,Per capita total expenditure on health at average exchange rate (US$),https://www.who.int/data/gho/indicator-metadata-registry/imr-details/111,NHA_PHL,Philippines note,,PUBLISHED,Published,,2011.0,2011,,WPR,2011,2011,Western Pacific,,WB_LMI,Lower-middle-income,,PHL,Philippines,,101.75,101.75068,,,,,
238,WHS7_156,Per capita total expenditure on health at average exchange rate (US$),https://www.who.int/data/gho/indicator-metadata-registry/imr-details/111,NHA_PHL,Philippines note,,PUBLISHED,Published,,2012.0,2012,,WPR,2012,2012,Western Pacific,,WB_LMI,Lower-middle-income,,PHL,Philippines,,116.19,116.18829,,,,,
239,WHS7_156,Per capita total expenditure on health at average exchange rate (US$),https://www.who.int/data/gho/indicator-metadata-registry/imr-details/111,NHA_PHL,Philippines note,,PUBLISHED,Published,,2013.0,2013,,WPR,2013,2013,Western Pacific,,WB_LMI,Lower-middle-income,,PHL,Philippines,,127.09,127.08828,,,,,
240,WHS7_156,Per capita total expenditure on health at average exchange rate (US$),https://www.who.int/data/gho/indicator-metadata-registry/imr-details/111,NHA_PHL,Philippines note,,PUBLISHED,Published,,2014.0,2014,,WPR,2014,2014,Western Pacific,,WB_LMI,Lower-middle-income,,PHL,Philippines,,135.2,135.20223,,,,,
241,WHS7_150,Out-of-pocket expenditure as a percentage of total expenditure on health,https://www.who.int/data/gho/indicator-metadata-registry/imr-details/4445,NHA_PHL,Philippines note,,PUBLISHED,Published,,1997.0,1997,,WPR,1997,1997,Western Pacific,,WB_LMI,Lower-middle-income,,PHL,Philippines,,46.48,46.48219,,,,,
242,WHS7_150,Out-of-pocket expenditure as a percentage of total expenditure on health,https://www.who.int/data/gho/indicator-metadata-registry/imr-details/4445,NHA_PHL,Philippines note,,PUBLISHED,Published,,2011.0,2011,,WPR,2011,2011,Western Pacific,,WB_LMI,Lower-middle-income,,PHL,Philippines,,57.74,57.74221,,,,,
243,WHS7_150,Out-of-pocket expenditure as a percentage of total expenditure on health,https://www.who.int/data/gho/indicator-metadata-registry/imr-details/4445,NHA_PHL,Philippines note,,PUBLISHED,Published,,2005.0,2005,,WPR,2005,2005,Western Pacific,,WB_LMI,Lower-middle-income,,PHL,Philippines,,51.93,51.92764,,,,,
244,WHS7_150,Out-of-pocket expenditure as a percentage of total expenditure on health,https://www.who.int/data/gho/indicator-metadata-registry/imr-details/4445,NHA_PHL,Philippines note,,PUBLISHED,Published,,2012.0,2012,,WPR,2012,2012,Western Pacific,,WB_LMI,Lower-middle-income,,PHL,Philippines,,57.19,57.18844,,,,,
245,WHS7_150,Out-of-pocket expenditure as a percentage of total expenditure on health,https://www.who.int/data/gho/indicator-metadata-registry/imr-details/4445,NHA_PHL,Philippines note,,PUBLISHED,Published,,2014.0,2014,,WPR,2014,2014,Western Pacific,,WB_LMI,Lower-middle-income,,PHL,Philippines,,53.69,53.68514,,,,,
246,WHS7_150,Out-of-pocket expenditure as a percentage of total expenditure on health,https://www.who.int/data/gho/indicator-metadata-registry/imr-details/4445,NHA_PHL,Philippines note,,PUBLISHED,Published,,2000.0,2000,,WPR,2000,2000,Western Pacific,,WB_LMI,Lower-middle-income,,PHL,Philippines,,40.5,40.49713,,,,,
247,WHS7_150,Out-of-pocket expenditure as a percentage of total expenditure on health,https://www.who.int/data/gho/indicator-metadata-registry/imr-details/4445,NHA_PHL,Philippines note,,PUBLISHED,Published,,2001.0,2001,,WPR,2001,2001,Western Pacific,,WB_LMI,Lower-middle-income,,PHL,Philippines,,43.85,43.85350,,,,,
248,WHS7_150,Out-of-pocket expenditure as a percentage of total expenditure on health,https://www.who.int/data/gho/indicator-metadata-registry/imr-details/4445,NHA_PHL,Philippines note,,PUBLISHED,Published,,2002.0,2002,,WPR,2002,2002,Western Pacific,,WB_LMI,Lower-middle-income,,PHL,Philippines,,46.78,46.77650,,,,,
249,WHS7_150,Out-of-pocket expenditure as a percentage of total expenditure on health,https://www.who.int/data/gho/indicator-metadata-registry/imr-details/4445,NHA_PHL,Philippines note,,PUBLISHED,Published,,2007.0,2007,,WPR,2007,2007,Western Pacific,,WB_LMI,Lower-middle-income,,PHL,Philippines,,55.67,55.67198,,,,,
250,WHS7_150,Out-of-pocket expenditure as a percentage of total expenditure on health,https://www.who.int/data/gho/indicator-metadata-registry/imr-details/4445,NHA_PHL,Philippines note,,PUBLISHED,Published,,1999.0,1999,,WPR,1999,1999,Western Pacific,,WB_LMI,Lower-middle-income,,PHL,Philippines,,43.32,43.31811,,,,,
251,WHS7_150,Out-of-pocket expenditure as a percentage of total expenditure on health,https://www.who.int/data/gho/indicator-metadata-registry/imr-details/4445,NHA_PHL,Philippines note,,PUBLISHED,Published,,2009.0,2009,,WPR,2009,2009,Western Pacific,,WB_LMI,Lower-middle-income,,PHL,Philippines,,54.86,54.85892,,,,,
252,WHS7_150,Out-of-pocket expenditure as a percentage of total expenditure on health,https://www.who.int/data/gho/indicator-metadata-registry/imr-details/4445,NHA_PHL,Philippines note,,PUBLISHED,Published,,2010.0,2010,,WPR,2010,2010,Western Pacific,,WB_LMI,Lower-middle-income,,PHL,Philippines,,54.08,54.07833,,,,,
253,WHS7_150,Out-of-pocket expenditure as a percentage of total expenditure on health,https://www.who.int/data/gho/indicator-metadata-registry/imr-details/4445,NHA_PHL,Philippines note,,PUBLISHED,Published,,1995.0,1995,,WPR,1995,1995,Western Pacific,,WB_LMI,Lower-middle-income,,PHL,Philippines,,50.01,50.01415,,,,,
254,WHS7_150,Out-of-pocket expenditure as a percentage of total expenditure on health,https://www.who.int/data/gho/indicator-metadata-registry/imr-details/4445,NHA_PHL,Philippines note,,PUBLISHED,Published,,1996.0,1996,,WPR,1996,1996,Western Pacific,,WB_LMI,Lower-middle-income,,PHL,Philippines,,48.25,48.25050,,,,,
255,WHS7_150,Out-of-pocket expenditure as a percentage of total expenditure on health,https://www.who.int/data/gho/indicator-metadata-registry/imr-details/4445,NHA_PHL,Philippines note,,PUBLISHED,Published,,1998.0,1998,,WPR,1998,1998,Western Pacific,,WB_LMI,Lower-middle-income,,PHL,Philippines,,46.3,46.30479,,,,,
256,WHS7_150,Out-of-pocket expenditure as a percentage of total expenditure on health,https://www.who.int/data/gho/indicator-metadata-registry/imr-details/4445,NHA_PHL,Philippines note,,PUBLISHED,Published,,2003.0,2003,,WPR,2003,2003,Western Pacific,,WB_LMI,Lower-middle-income,,PHL,Philippines,,46.88,46.88238,,,,,
257,WHS7_150,Out-of-pocket expenditure as a percentage of total expenditure on health,https://www.who.int/data/gho/indicator-metadata-registry/imr-details/4445,NHA_PHL,Philippines note,,PUBLISHED,Published,,2004.0,2004,,WPR,2004,2004,Western Pacific,,WB_LMI,Lower-middle-income,,PHL,Philippines,,46.89,46.88822,,,,,
258,WHS7_150,Out-of-pocket expenditure as a percentage of total expenditure on health,https://www.who.int/data/gho/indicator-metadata-registry/imr-details/4445,NHA_PHL,Philippines note,,PUBLISHED,Published,,2006.0,2006,,WPR,2006,2006,Western Pacific,,WB_LMI,Lower-middle-income,,PHL,Philippines,,53.96,53.95621,,,,,
259,WHS7_150,Out-of-pocket expenditure as a percentage of total expenditure on health,https://www.who.int/data/gho/indicator-metadata-registry/imr-details/4445,NHA_PHL,Philippines note,,PUBLISHED,Published,,2013.0,2013,,WPR,2013,2013,Western Pacific,,WB_LMI,Lower-middle-income,,PHL,Philippines,,56.34,56.33954,,,,,
260,WHS7_150,Out-of-pocket expenditure as a percentage of total expenditure on health,https://www.who.int/data/gho/indicator-metadata-registry/imr-details/4445,NHA_PHL,Philippines note,,PUBLISHED,Published,,2008.0,2008,,WPR,2008,2008,Western Pacific,,WB_LMI,Lower-middle-income,,PHL,Philippines,,57.17,57.17238,,,,,
