index,GHO (CODE),GHO (DISPLAY),GHO (URL),PUBLISHSTATE (CODE),PUBLISHSTATE (DISPLAY),PUBLISHSTATE (URL),YEAR (CODE),YEAR (DISPLAY),YEAR (URL),REGION (CODE),REGION (DISPLAY),REGION (URL),COUNTRY (CODE),STARTYEAR,ENDYEAR,COUNTRY (DISPLAY),COUNTRY (URL),Display Value,Numeric,Low,High,StdErr,StdDev,Comments
0,#indicator+code,#indicator+name,#indicator+url,#status+code,#status+name,,,#date+year,,#region+code,#region+name,,#country+code,#date+year+start,#date+year+end,#country+name,,,#indicator+value+num,,,,,
1,DEVICES03,Total density per 100 000 population: District/rural hospitals,https://www.who.int/data/gho/indicator-metadata-registry/imr-details/3012,PUBLISHED,Published,,2010.0,2010,,WPR,Western Pacific,,PHL,2010,2010,Philippines,,1.56,1.56000,,,,,
2,DEVICES04,Total density per 100 000 population: Provincial hospitals,https://www.who.int/data/gho/indicator-metadata-registry/imr-details/3013,PUBLISHED,Published,,2010.0,2010,,WPR,Western Pacific,,PHL,2010,2010,Philippines,,0.23,0.23000,,,,,
3,DEVICES05,Total density per 100 000 population: Specialized hospitals,https://www.who.int/data/gho/indicator-metadata-registry/imr-details/3014,PUBLISHED,Published,,2010.0,2010,,WPR,Western Pacific,,PHL,2010,2010,Philippines,,0.13,0.13000,,,,,
4,DEVICES03,Total density per 100 000 population: District/rural hospitals,https://www.who.int/data/gho/indicator-metadata-registry/imr-details/3012,PUBLISHED,Published,,2013.0,2013,,WPR,Western Pacific,,PHL,2013,2013,Philippines,,1.48,1.47571,,,,,
5,DEVICES04,Total density per 100 000 population: Provincial hospitals,https://www.who.int/data/gho/indicator-metadata-registry/imr-details/3013,PUBLISHED,Published,,2013.0,2013,,WPR,Western Pacific,,PHL,2013,2013,Philippines,,0.22,0.21648,,,,,
6,DEVICES05,Total density per 100 000 population: Specialized hospitals,https://www.who.int/data/gho/indicator-metadata-registry/imr-details/3014,PUBLISHED,Published,,2013.0,2013,,WPR,Western Pacific,,PHL,2013,2013,Philippines,,0.12,0.12094,,,,,
7,DEVICES00,Total density per 100 000 population: Hospitals,https://www.who.int/data/gho/indicator-metadata-registry/imr-details/3361,PUBLISHED,Published,,2013.0,2013,,WPR,Western Pacific,,PHL,2013,2013,Philippines,,1.81,1.81313,,,,,Both public sector data and private sector data
