index,GHO (CODE),GHO (DISPLAY),GHO (URL),PUBLISHSTATE (CODE),PUBLISHSTATE (DISPLAY),PUBLISHSTATE (URL),YEAR (CODE),YEAR (DISPLAY),YEAR (URL),REGION (CODE),REGION (DISPLAY),REGION (URL),COUNTRY (CODE),STARTYEAR,ENDYEAR,COUNTRY (DISPLAY),COUNTRY (URL),SEX (CODE),SEX (DISPLAY),SEX (URL),Display Value,Numeric,Low,High,StdErr,StdDev,Comments
0,#indicator+code,#indicator+name,#indicator+url,#status+code,#status+name,,,#date+year,,#region+code,#region+name,,#country+code,#date+year+start,#date+year+end,#country+name,,#sex+code,#sex+name,,,#indicator+value+num,,,,,
1,MDG_0000000032,Maternal mortality ratio (per 100 000 live births) - Country reported estimates,,PUBLISHED,Published,,2006,2006,,WPR,Western Pacific,,PHL,2006,2006,Philippines,,,,,162.0,,,,,,
2,MDG_0000000016,Deaths due to malaria (per 100 000 population),https://www.who.int/data/gho/indicator-metadata-registry/imr-details/16,PUBLISHED,Published,,2010,2010,,WPR,Western Pacific,,PHL,2010,2010,Philippines,,,,,0.2,0.20000,,,,,
3,MDG_0000000005_AGE1519,"Contraceptive prevalence, among girls aged 15-19 (%)",https://www.who.int/data/gho/indicator-metadata-registry/imr-details/ 2481,PUBLISHED,Published,,2008,2008,,WPR,Western Pacific,,PHL,2008,2008,Philippines,,,,,25.9,25.90000,,,,,
4,MDG_0000000006_AGE1519,"Unmet need for family planning, among girls aged 15-19 (%)",https://www.who.int/data/gho/indicator-metadata-registry/imr-details/2480,PUBLISHED,Published,,2008,2008,,WPR,Western Pacific,,PHL,2008,2008,Philippines,,,,,35.8,35.80000,,,,,
5,MDG_0000000025_AGE1519,"Births attended by skilled health personnel, among girls aged 15-19 (%)",https://www.who.int/data/gho/indicator-metadata-registry/imr-details/25,PUBLISHED,Published,,2008,2008,,WPR,Western Pacific,,PHL,2008,2008,Philippines,,,,,59.0,59.00000,,,,,
6,MDG_0000000005,Contraceptive prevalence (%),https://www.who.int/data/gho/indicator-metadata-registry/imr-details/5,PUBLISHED,Published,,2011,2011,,WPR,Western Pacific,,PHL,2011,2011,Philippines,,,,,48.9,48.90000,,,,,
7,MDG_0000000021,Population aged 15-24 years with comprehensive correct knowledge of HIV/AIDS (%),https://www.who.int/data/gho/indicator-metadata-registry/imr-details/21,PUBLISHED,Published,,2007-2013,2007-2013,,WPR,Western Pacific,,PHL,2007,2013,Philippines,,FMLE,Female,,15.0,15.00000,,,,,
