index,GHO (CODE),GHO (DISPLAY),GHO (URL),PUBLISHSTATE (CODE),PUBLISHSTATE (DISPLAY),PUBLISHSTATE (URL),YEAR (CODE),YEAR (DISPLAY),YEAR (URL),REGION (CODE),REGION (DISPLAY),REGION (URL),COUNTRY (CODE),STARTYEAR,ENDYEAR,COUNTRY (DISPLAY),COUNTRY (URL),Display Value,Numeric,Low,High,StdErr,StdDev,Comments
0,#indicator+code,#indicator+name,#indicator+url,#status+code,#status+name,,,#date+year,,#region+code,#region+name,,#country+code,#date+year+start,#date+year+end,#country+name,,,#indicator+value+num,,,,,
1,NCD_CCS_BowelCancer,General availability of colon cancer screening at the primary health care level,https://www.who.int/data/gho/indicator-metadata-registry/imr-details/2411,PUBLISHED,Published,,2013.0,2013,,WPR,Western Pacific,,PHL,2013,2013,Philippines,,Yes,,,,,,
2,NCD_CCS_BreastCancer,General availability of breast cancer screening (by palpation or mammogram) at the primary health care level,https://www.who.int/data/gho/indicator-metadata-registry/imr-details/2412,PUBLISHED,Published,,2013.0,2013,,WPR,Western Pacific,,PHL,2013,2013,Philippines,,Yes,,,,,,
3,NCD_CCS_CervCy,General availability of cervical cytology at the primary health care level,https://www.who.int/data/gho/indicator-metadata-registry/imr-details/2409,PUBLISHED,Published,,2013.0,2013,,WPR,Western Pacific,,PHL,2013,2013,Philippines,,Yes,,,,,,
4,NCD_CCS_CholMsmt,General availability of total cholesterol measurement at the primary health care level,https://www.who.int/data/gho/indicator-metadata-registry/imr-details/2415,PUBLISHED,Published,,2013.0,2013,,WPR,Western Pacific,,PHL,2013,2013,Philippines,,Yes,,,,,,
5,NCD_CCS_DiabetesTest,"General availability of diabetes testing (by blood glucose measurement, OGTT, or HbA1c) at the primary health care level",https://www.who.int/data/gho/indicator-metadata-registry/imr-details/2413,PUBLISHED,Published,,2013.0,2013,,WPR,Western Pacific,,PHL,2013,2013,Philippines,,Yes,,,,,,
6,NCD_CCS_Spirom,General availability of peak flow measurement spirometry at the primary health care level,https://www.who.int/data/gho/indicator-metadata-registry/imr-details/2416,PUBLISHED,Published,,2013.0,2013,,WPR,Western Pacific,,PHL,2013,2013,Philippines,,Yes,,,,,,
7,NCD_CCS_UrineAlbumin,General availability of urine testing for albumin,https://www.who.int/data/gho/indicator-metadata-registry/imr-details/4553,PUBLISHED,Published,,2013.0,2013,,WPR,Western Pacific,,PHL,2013,2013,Philippines,,Yes,,,,,,
8,NCD_CCS_ACE,General availability of ACE inhibitors in the public health sector,https://www.who.int/data/gho/indicator-metadata-registry/imr-details/2422,PUBLISHED,Published,,2013.0,2013,,WPR,Western Pacific,,PHL,2013,2013,Philippines,,Yes,,,,,,
9,NCD_CCS_Aspirin,General availability of aspirin (100 mg) in the public health sector,https://www.who.int/data/gho/indicator-metadata-registry/imr-details/2418,PUBLISHED,Published,,2013.0,2013,,WPR,Western Pacific,,PHL,2013,2013,Philippines,,Yes,,,,,,
10,NCD_CCS_Bronchodilators,General availability of bronchodilators in the public health sector,https://www.who.int/data/gho/indicator-metadata-registry/imr-details/4554,PUBLISHED,Published,,2013.0,2013,,WPR,Western Pacific,,PHL,2013,2013,Philippines,,Yes,,,,,,
11,NCD_CCS_CCBlkrs,General availability of CC blockers in the public health sector,https://www.who.int/data/gho/indicator-metadata-registry/imr-details/2423,PUBLISHED,Published,,2013.0,2013,,WPR,Western Pacific,,PHL,2013,2013,Philippines,,Yes,,,,,,
12,NCD_CCS_Insulin,General availability of insulin in the public health sector,https://www.who.int/data/gho/indicator-metadata-registry/imr-details/2417,PUBLISHED,Published,,2013.0,2013,,WPR,Western Pacific,,PHL,2013,2013,Philippines,,Yes,,,,,,
13,NCD_CCS_Metformin,General availability of metformin in the public health sector,https://www.who.int/data/gho/indicator-metadata-registry/imr-details/2419,PUBLISHED,Published,,2013.0,2013,,WPR,Western Pacific,,PHL,2013,2013,Philippines,,Yes,,,,,,
14,NCD_CCS_Nicotine,General availability of nicotine replacement therapy in the public health sector,https://www.who.int/data/gho/indicator-metadata-registry/imr-details/2428,PUBLISHED,Published,,2013.0,2013,,WPR,Western Pacific,,PHL,2013,2013,Philippines,,No,,,,,,
15,NCD_CCS_OralMorph,General availability of oral morphine in the public health sector,https://www.who.int/data/gho/indicator-metadata-registry/imr-details/2427,PUBLISHED,Published,,2013.0,2013,,WPR,Western Pacific,,PHL,2013,2013,Philippines,,No,,,,,,
16,NCD_CCS_Statins,General availability of statins in the public health sector,https://www.who.int/data/gho/indicator-metadata-registry/imr-details/2426,PUBLISHED,Published,,2013.0,2013,,WPR,Western Pacific,,PHL,2013,2013,Philippines,,Yes,,,,,,
17,NCD_CCS_Steroid,General availability of steroid inhalers in the public health sector,https://www.who.int/data/gho/indicator-metadata-registry/imr-details/2431,PUBLISHED,Published,,2013.0,2013,,WPR,Western Pacific,,PHL,2013,2013,Philippines,,No,,,,,,
18,NCD_CCS_Thiazide,General availability of thiazide diuretics in the public health sector,https://www.who.int/data/gho/indicator-metadata-registry/imr-details/2421,PUBLISHED,Published,,2013.0,2013,,WPR,Western Pacific,,PHL,2013,2013,Philippines,,Yes,,,,,,
19,NCD_CCS_CRDPlan,Existence of operational policy/strategy/action plan for chronic respiratory diseases,https://www.who.int/data/gho/indicator-metadata-registry/imr-details/2400,PUBLISHED,Published,,2013.0,2013,,WPR,Western Pacific,,PHL,2013,2013,Philippines,,Yes,,,,,,
20,NCD_CCS_CancerPlan,Existence of operational policy/strategy/action plan for cancer,https://www.who.int/data/gho/indicator-metadata-registry/imr-details/2398,PUBLISHED,Published,,2013.0,2013,,WPR,Western Pacific,,PHL,2013,2013,Philippines,,Yes,,,,,,
21,NCD_CCS_CVDPlan,Existence of operational policy/strategy/action plan for cardiovascular diseases,https://www.who.int/data/gho/indicator-metadata-registry/imr-details/2397,PUBLISHED,Published,,2013.0,2013,,WPR,Western Pacific,,PHL,2013,2013,Philippines,,Yes,,,,,,
22,NCD_CCS_DiabPlan,Existence of operational policy/strategy/action plan for diabetes,https://www.who.int/data/gho/indicator-metadata-registry/imr-details/2399,PUBLISHED,Published,,2013.0,2013,,WPR,Western Pacific,,PHL,2013,2013,Philippines,,Yes,,,,,,
23,NCD_CCS_AlcPlan,Existence of operational policy/strategy/action plan to reduce the harmful use of alcohol,https://www.who.int/data/gho/indicator-metadata-registry/imr-details/2401,PUBLISHED,Published,,2013.0,2013,,WPR,Western Pacific,,PHL,2013,2013,Philippines,,Yes,,,,,,
24,NCD_CCS_TobPlan,Existence of operational policy/strategy/action plan to decrease tobacco use,https://www.who.int/data/gho/indicator-metadata-registry/imr-details/2404,PUBLISHED,Published,,2013.0,2013,,WPR,Western Pacific,,PHL,2013,2013,Philippines,,Yes,,,,,,
25,NCD_CCS_PAPlan,Existence of operational policy/strategy/action plan to reduce physical inactivity,https://www.who.int/data/gho/indicator-metadata-registry/imr-details/2403,PUBLISHED,Published,,2013.0,2013,,WPR,Western Pacific,,PHL,2013,2013,Philippines,,Yes,,,,,,
26,NCD_CCS_DietPlan,Existence of operational policy/strategy/action plan to reduce unhealthy diet related to NCDs,https://www.who.int/data/gho/indicator-metadata-registry/imr-details/2402,PUBLISHED,Published,,2013.0,2013,,WPR,Western Pacific,,PHL,2013,2013,Philippines,,Yes,,,,,,
27,NCD_CCS_MultisecComm,"Existence of a national multisectoral commission, agency or mechanism for NCDs",https://www.who.int/data/gho/indicator-metadata-registry/imr-details/4678,PUBLISHED,Published,,2015.0,2015,,WPR,Western Pacific,,PHL,2015,2015,Philippines,,No,,,,,,
28,NCD_CCS_NCDIndicators,Existence of a set of national NCD indicators and has set time-bound national targets for these indicators,https://www.who.int/data/gho/indicator-metadata-registry/imr-details/4681,PUBLISHED,Published,,2015.0,2015,,WPR,Western Pacific,,PHL,2015,2015,Philippines,,No,,,,,,
29,NCD_CCS_integNCDplan,"Existence of an operational, multisectoral national NCD policy, strategy or action plan that integrates several NCDs and their risk factors",https://www.who.int/data/gho/indicator-metadata-registry/imr-details/4680,PUBLISHED,Published,,2015.0,2015,,WPR,Western Pacific,,PHL,2015,2015,Philippines,,Yes,,,,,,
30,NCD_CCS_AlcPlan,Existence of operational policy/strategy/action plan to reduce the harmful use of alcohol,https://www.who.int/data/gho/indicator-metadata-registry/imr-details/2401,PUBLISHED,Published,,2015.0,2015,,WPR,Western Pacific,,PHL,2015,2015,Philippines,,Yes,,,,,,
31,NCD_CCS_PAPlan,Existence of operational policy/strategy/action plan to reduce physical inactivity,https://www.who.int/data/gho/indicator-metadata-registry/imr-details/2403,PUBLISHED,Published,,2015.0,2015,,WPR,Western Pacific,,PHL,2015,2015,Philippines,,Yes,,,,,,
32,NCD_CCS_TobPlan,Existence of operational policy/strategy/action plan to decrease tobacco use,https://www.who.int/data/gho/indicator-metadata-registry/imr-details/2404,PUBLISHED,Published,,2015.0,2015,,WPR,Western Pacific,,PHL,2015,2015,Philippines,,Yes,,,,,,
33,NCD_CCS_DietPlan,Existence of operational policy/strategy/action plan to reduce unhealthy diet related to NCDs,https://www.who.int/data/gho/indicator-metadata-registry/imr-details/2402,PUBLISHED,Published,,2015.0,2015,,,,,PHL,2015,2015,Philippines,,Yes,,,,,,
34,NCD_CCS_CVDPlan,Existence of operational policy/strategy/action plan for cardiovascular diseases,https://www.who.int/data/gho/indicator-metadata-registry/imr-details/2397,PUBLISHED,Published,,2015.0,2015,,WPR,Western Pacific,,PHL,2015,2015,Philippines,,Yes,,,,,,
35,NCD_CCS_CancerPlan,Existence of operational policy/strategy/action plan for cancer,https://www.who.int/data/gho/indicator-metadata-registry/imr-details/2398,PUBLISHED,Published,,2015.0,2015,,WPR,Western Pacific,,PHL,2015,2015,Philippines,,Yes,,,,,,
36,NCD_CCS_CRDPlan,Existence of operational policy/strategy/action plan for chronic respiratory diseases,https://www.who.int/data/gho/indicator-metadata-registry/imr-details/2400,PUBLISHED,Published,,2015.0,2015,,WPR,Western Pacific,,PHL,2015,2015,Philippines,,Yes,,,,,,
37,NCD_CCS_DiabPlan,Existence of operational policy/strategy/action plan for diabetes,https://www.who.int/data/gho/indicator-metadata-registry/imr-details/2399,PUBLISHED,Published,,2015.0,2015,,WPR,Western Pacific,,PHL,2015,2015,Philippines,,Yes,,,,,,
38,NCD_CCS_Mkting,Existence of any policies on marketing of foods to children,https://www.who.int/data/gho/indicator-metadata-registry/imr-details/4682,PUBLISHED,Published,,2015.0,2015,,WPR,Western Pacific,,PHL,2015,2015,Philippines,,No,,,,,,
39,NCD_CCS_SaltPol,Existence of any policies to reduce population salt consumption,https://www.who.int/data/gho/indicator-metadata-registry/imr-details/4683,PUBLISHED,Published,,2015.0,2015,,WPR,Western Pacific,,PHL,2015,2015,Philippines,,No,,,,,,
40,NCD_CCS_dietpaaware,Implementation of diet and/or physical activity public awareness program,https://www.who.int/data/gho/indicator-metadata-registry/imr-details/4685,PUBLISHED,Published,,2015.0,2015,,WPR,Western Pacific,,PHL,2015,2015,Philippines,,Yes,,,,,,
41,NCD_CCS_diabtest,"General availability of diabetes testing (by blood glucose measurement, OGTT) at the primary health care level",https://www.who.int/data/gho/indicator-metadata-registry/imr-details/2413,PUBLISHED,Published,,2013.0,2013,,WPR,Western Pacific,,PHL,2013,2013,Philippines,,Yes,,,,,,
42,NCD_CCS_HbA1c,General availability of diabetes testing (by HbA1c) at the primary health care level,https://www.who.int/data/gho/indicator-metadata-registry/imr-details/4688,PUBLISHED,Published,,2013.0,2013,,WPR,Western Pacific,,PHL,2013,2013,Philippines,,Yes,,,,,,
43,NCD_CCS_DiabetesReg,Existence of a diabetes registry,https://www.who.int/data/gho/indicator-metadata-registry/imr-details/4686,PUBLISHED,Published,,2015.0,2015,,WPR,Western Pacific,,PHL,2015,2015,Philippines,,Yes,,,,,,
44,NCD_CCS_PM3_Surv,Has a STEPS survey or a comprehensive health examination survey every 5 years,https://www.who.int/data/gho/indicator-metadata-registry/imr-details/4687,PUBLISHED,Published,,2015.0,2015,,WPR,Western Pacific,,PHL,2015,2015,Philippines,,Yes,,,,,,
45,NCD_CCS_diabtest,"General availability of diabetes testing (by blood glucose measurement, OGTT) at the primary health care level",https://www.who.int/data/gho/indicator-metadata-registry/imr-details/2413,PUBLISHED,Published,,2015.0,2015,,WPR,Western Pacific,,PHL,2015,2015,Philippines,,Yes,,,,,,
46,NCD_CCS_HbA1c,General availability of diabetes testing (by HbA1c) at the primary health care level,https://www.who.int/data/gho/indicator-metadata-registry/imr-details/4688,PUBLISHED,Published,,2015.0,2015,,WPR,Western Pacific,,PHL,2015,2015,Philippines,,Yes,,,,,,
47,NCD_CCS_Spirom,General availability of peak flow measurement spirometry at the primary health care level,https://www.who.int/data/gho/indicator-metadata-registry/imr-details/2416,PUBLISHED,Published,,2015.0,2015,,WPR,Western Pacific,,PHL,2015,2015,Philippines,,Yes,,,,,,
48,NCD_CCS_CholMsmt,General availability of total cholesterol measurement at the primary health care level,https://www.who.int/data/gho/indicator-metadata-registry/imr-details/2415,PUBLISHED,Published,,2015.0,2015,,WPR,Western Pacific,,PHL,2015,2015,Philippines,,Yes,,,,,,
49,NCD_CCS_UrineAlbumin,General availability of urine testing for albumin,https://www.who.int/data/gho/indicator-metadata-registry/imr-details/4553,PUBLISHED,Published,,2015.0,2015,,WPR,Western Pacific,,PHL,2015,2015,Philippines,,Yes,,,,,,
50,NCD_CCS_breastcancerscreening,Existence of national screening program for breast cancer,https://www.who.int/data/gho/indicator-metadata-registry/imr-details/4689,PUBLISHED,Published,,2015.0,2015,,WPR,Western Pacific,,PHL,2015,2015,Philippines,,Yes,,,,,,
51,NCD_CCS_cervicalcancerscreening,Existence of national screening program for cervical cancer,https://www.who.int/data/gho/indicator-metadata-registry/imr-details/4690,PUBLISHED,Published,,2015.0,2015,,WPR,Western Pacific,,PHL,2015,2015,Philippines,,Yes,,,,,,
52,NCD_CCS_cervicalcancermethod,Most widely used screening method in national cervical cancer screening program,https://www.who.int/data/gho/indicator-metadata-registry/imr-details/4691,PUBLISHED,Published,,2015.0,2015,,WPR,Western Pacific,,PHL,2015,2015,Philippines,,Visual inspection,,,,,,
53,NCD_CCS_cervicalcancerpgmtype,Type of national cervical cancer screening program,https://www.who.int/data/gho/indicator-metadata-registry/imr-details/4692,PUBLISHED,Published,,2015.0,2015,,WPR,Western Pacific,,PHL,2015,2015,Philippines,,Opportunistic screening,,,,,,
54,NCD_CCS_hpv,Existence of national HPV vaccination programme,https://www.who.int/data/gho/indicator-metadata-registry/imr-details/4694,PUBLISHED,Published,,2015.0,2015,,WPR,Western Pacific,,PHL,2015,2015,Philippines,,Yes,,,,,,
55,NCD_CCS_photocoag,General availability of retinal photocoagulation in the public health system,https://www.who.int/data/gho/indicator-metadata-registry/imr-details/4695,PUBLISHED,Published,,2015.0,2015,,WPR,Western Pacific,,PHL,2015,2015,Philippines,,No,,,,,,
56,NCD_CCS_dialysis,General availability of dialysis in the public health system,https://www.who.int/data/gho/indicator-metadata-registry/imr-details/4696,PUBLISHED,Published,,2015.0,2015,,WPR,Western Pacific,,PHL,2015,2015,Philippines,,No,,,,,,
57,NCD_CCS_renaltrans,General availability of renal replacement by transplantation in the public health system,https://www.who.int/data/gho/indicator-metadata-registry/imr-details/4697,PUBLISHED,Published,,2015.0,2015,,WPR,Western Pacific,,PHL,2015,2015,Philippines,,No,,,,,,
58,NCD_CCS_coronary,General availability of coronary bypass or stenting in the public health system,https://www.who.int/data/gho/indicator-metadata-registry/imr-details/4698,PUBLISHED,Published,,2015.0,2015,,WPR,Western Pacific,,PHL,2015,2015,Philippines,,No,,,,,,
59,NCD_CCS_thrombolytic,General availability of thrombolytic therapy in the public health system,https://www.who.int/data/gho/indicator-metadata-registry/imr-details/4699,PUBLISHED,Published,,2015.0,2015,,WPR,Western Pacific,,PHL,2015,2015,Philippines,,No,,,,,,
60,NCD_CCS_palliative_prim,General availability of palliative care in primary health care in the public health system,https://www.who.int/data/gho/indicator-metadata-registry/imr-details/4700,PUBLISHED,Published,,2015.0,2015,,WPR,Western Pacific,,PHL,2015,2015,Philippines,,No,,,,,,
61,NCD_CCS_palliative_home,General availability of palliative care in community or home-based care in the public health system,https://www.who.int/data/gho/indicator-metadata-registry/imr-details/4701,PUBLISHED,Published,,2015.0,2015,,WPR,Western Pacific,,PHL,2015,2015,Philippines,,No,,,,,,
62,NCD_CCS_riskstrat,Availability of cardiovascular risk stratification in 50% or more primary health care facilities,https://www.who.int/data/gho/indicator-metadata-registry/imr-details/4702,PUBLISHED,Published,,2015.0,2015,,WPR,Western Pacific,,PHL,2015,2015,Philippines,,Yes,,,,,,
63,NCD_CCS_Insulin,General availability of insulin in the public health sector,https://www.who.int/data/gho/indicator-metadata-registry/imr-details/2417,PUBLISHED,Published,,2015.0,2015,,WPR,Western Pacific,,PHL,2015,2015,Philippines,,No,,,,,,
64,NCD_CCS_Aspirin,General availability of aspirin (100 mg) in the public health sector,https://www.who.int/data/gho/indicator-metadata-registry/imr-details/2418,PUBLISHED,Published,,2015.0,2015,,WPR,Western Pacific,,PHL,2015,2015,Philippines,,Yes,,,,,,
65,NCD_CCS_Metformin,General availability of metformin in the public health sector,https://www.who.int/data/gho/indicator-metadata-registry/imr-details/2419,PUBLISHED,Published,,2015.0,2015,,WPR,Western Pacific,,PHL,2015,2015,Philippines,,Yes,,,,,,
66,NCD_CCS_Thiazide,General availability of thiazide diuretics in the public health sector,https://www.who.int/data/gho/indicator-metadata-registry/imr-details/2421,PUBLISHED,Published,,2015.0,2015,,WPR,Western Pacific,,PHL,2015,2015,Philippines,,Yes,,,,,,
67,NCD_CCS_ACE,General availability of ACE inhibitors in the public health sector,https://www.who.int/data/gho/indicator-metadata-registry/imr-details/2422,PUBLISHED,Published,,2015.0,2015,,WPR,Western Pacific,,PHL,2015,2015,Philippines,,Yes,,,,,,
68,NCD_CCS_CCBlkrs,General availability of CC blockers in the public health sector,https://www.who.int/data/gho/indicator-metadata-registry/imr-details/2423,PUBLISHED,Published,,2015.0,2015,,WPR,Western Pacific,,PHL,2015,2015,Philippines,,Yes,,,,,,
69,NCD_CCS_betablockers,General availability of beta blockers in the public health sector,https://www.who.int/data/gho/indicator-metadata-registry/imr-details/4705,PUBLISHED,Published,,2015.0,2015,,WPR,Western Pacific,,PHL,2015,2015,Philippines,,Yes,,,,,,
70,NCD_CCS_Statins,General availability of statins in the public health sector,https://www.who.int/data/gho/indicator-metadata-registry/imr-details/2426,PUBLISHED,Published,,2015.0,2015,,WPR,Western Pacific,,PHL,2015,2015,Philippines,,Yes,,,,,,
71,NCD_CCS_OralMorph,General availability of oral morphine in the public health sector,https://www.who.int/data/gho/indicator-metadata-registry/imr-details/2427,PUBLISHED,Published,,2015.0,2015,,WPR,Western Pacific,,PHL,2015,2015,Philippines,,No,,,,,,
72,NCD_CCS_Steroid,General availability of steroid inhalers in the public health sector,https://www.who.int/data/gho/indicator-metadata-registry/imr-details/2431,PUBLISHED,Published,,2015.0,2015,,WPR,Western Pacific,,PHL,2015,2015,Philippines,,No,,,,,,
73,NCD_CCS_Bronchodilators,General availability of bronchodilators in the public health sector,https://www.who.int/data/gho/indicator-metadata-registry/imr-details/4554,PUBLISHED,Published,,2015.0,2015,,WPR,Western Pacific,,PHL,2015,2015,Philippines,,Yes,,,,,,
74,NCD_CCS_sulphonylurea,General availability of sulphonylurea(s) in the public health sector,https://www.who.int/data/gho/indicator-metadata-registry/imr-details/4706,PUBLISHED,Published,,2015.0,2015,,WPR,Western Pacific,,PHL,2015,2015,Philippines,,Yes,,,,,,
75,NCD_CCS_integNCDplan,"Existence of an operational, multisectoral national NCD policy, strategy or action plan that integrates several NCDs and their risk factors",https://www.who.int/data/gho/indicator-metadata-registry/imr-details/4680,PUBLISHED,Published,,2013.0,2013,,WPR,Western Pacific,,PHL,2013,2013,Philippines,,No,,,,,,
76,NCD_CCS_cervicalcancerpgmcvg,Coverage of national cervical cancer screening program (%),https://www.who.int/data/gho/indicator-metadata-registry/imr-details/4693,PUBLISHED,Published,,2015.0,2015,,WPR,Western Pacific,,PHL,2015,2015,Philippines,,Don't know,,,,,,Screening coverage not known.
77,NCD_CCS_stroke,Provision for care of acute stroke and rehabilitation in more than 50% of public sector health facilities,https://www.who.int/data/gho/indicator-metadata-registry/imr-details/4703,PUBLISHED,Published,,2015.0,2015,,WPR,Western Pacific,,PHL,2015,2015,Philippines,,Don't know,,,,,,
78,NCD_CCS_rheum,Provision for secondary prevention of rheumatic fever and rheumatic heart disease in more than 50% of public sector health facilities,https://www.who.int/data/gho/indicator-metadata-registry/imr-details/4704,PUBLISHED,Published,,2015.0,2015,,WPR,Western Pacific,,PHL,2015,2015,Philippines,,Don't know,,,,,,"Country responded ""Don't know"" to at least one included question."
79,NCD_CCS_MultisecComm,"Existence of a national multisectoral commission, agency or mechanism for NCDs",https://www.who.int/data/gho/indicator-metadata-registry/imr-details/4678,PUBLISHED,Published,,2017.0,2017,,WPR,Western Pacific,,PHL,2017,2017,Philippines,,No,,,,,,
80,NCD_CCS_integNCDplan,"Existence of an operational, multisectoral national NCD policy, strategy or action plan that integrates several NCDs and their risk factors",https://www.who.int/data/gho/indicator-metadata-registry/imr-details/4680,PUBLISHED,Published,,2017.0,2017,,WPR,Western Pacific,,PHL,2017,2017,Philippines,,No,,,,,,
81,NCD_CCS_Mkting,Existence of any policies on marketing of foods to children,https://www.who.int/data/gho/indicator-metadata-registry/imr-details/4682,PUBLISHED,Published,,2017.0,2017,,WPR,Western Pacific,,PHL,2017,2017,Philippines,,No,,,,,,
82,NCD_CCS_SaltPol,Existence of any policies to reduce population salt consumption,https://www.who.int/data/gho/indicator-metadata-registry/imr-details/4683,PUBLISHED,Published,,2017.0,2017,,WPR,Western Pacific,,PHL,2017,2017,Philippines,,No,,,,,,
83,NCD_CCS_CVDPlan,Existence of operational policy/strategy/action plan for cardiovascular diseases,https://www.who.int/data/gho/indicator-metadata-registry/imr-details/2397,PUBLISHED,Published,,2017.0,2017,,WPR,Western Pacific,,PHL,2017,2017,Philippines,,No,,,,,,
84,NCD_CCS_CancerPlan,Existence of operational policy/strategy/action plan for cancer,https://www.who.int/data/gho/indicator-metadata-registry/imr-details/2398,PUBLISHED,Published,,2017.0,2017,,WPR,Western Pacific,,PHL,2017,2017,Philippines,,Yes,,,,,,
85,NCD_CCS_DiabPlan,Existence of operational policy/strategy/action plan for diabetes,https://www.who.int/data/gho/indicator-metadata-registry/imr-details/2399,PUBLISHED,Published,,2017.0,2017,,WPR,Western Pacific,,PHL,2017,2017,Philippines,,No,,,,,,
86,NCD_CCS_CRDPlan,Existence of operational policy/strategy/action plan for chronic respiratory diseases,https://www.who.int/data/gho/indicator-metadata-registry/imr-details/2400,PUBLISHED,Published,,2017.0,2017,,WPR,Western Pacific,,PHL,2017,2017,Philippines,,No,,,,,,
87,NCD_CCS_TobPlan,Existence of operational policy/strategy/action plan to decrease tobacco use,https://www.who.int/data/gho/indicator-metadata-registry/imr-details/2404,PUBLISHED,Published,,2017.0,2017,,WPR,Western Pacific,,PHL,2017,2017,Philippines,,No,,,,,,
88,NCD_CCS_DietPlan,Existence of operational policy/strategy/action plan to reduce unhealthy diet related to NCDs,https://www.who.int/data/gho/indicator-metadata-registry/imr-details/2402,PUBLISHED,Published,,2017.0,2017,,WPR,Western Pacific,,PHL,2017,2017,Philippines,,No,,,,,,
89,NCD_CCS_AlcPlan,Existence of operational policy/strategy/action plan to reduce the harmful use of alcohol,https://www.who.int/data/gho/indicator-metadata-registry/imr-details/2401,PUBLISHED,Published,,2017.0,2017,,WPR,Western Pacific,,PHL,2017,2017,Philippines,,No,,,,,,
90,NCD_CCS_PAPlan,Existence of operational policy/strategy/action plan to reduce physical inactivity,https://www.who.int/data/gho/indicator-metadata-registry/imr-details/2403,PUBLISHED,Published,,2017.0,2017,,WPR,Western Pacific,,PHL,2017,2017,Philippines,,No,,,,,,
91,NCD_CCS_DiabetesReg,Existence of a diabetes registry,https://www.who.int/data/gho/indicator-metadata-registry/imr-details/4686,PUBLISHED,Published,,2017.0,2017,,WPR,Western Pacific,,PHL,2017,2017,Philippines,,Yes,,,,,,
92,NCD_CCS_PM3_Surv,Has a STEPS survey or a comprehensive health examination survey every 5 years,https://www.who.int/data/gho/indicator-metadata-registry/imr-details/4687,PUBLISHED,Published,,2017.0,2017,,WPR,Western Pacific,,PHL,2017,2017,Philippines,,Yes,,,,,,
93,NCD_CCS_diabtest,"General availability of diabetes testing (by blood glucose measurement, OGTT) at the primary health care level",https://www.who.int/data/gho/indicator-metadata-registry/imr-details/2413,PUBLISHED,Published,,2017.0,2017,,WPR,Western Pacific,,PHL,2017,2017,Philippines,,Yes,,,,,,
94,NCD_CCS_HbA1c,General availability of diabetes testing (by HbA1c) at the primary health care level,https://www.who.int/data/gho/indicator-metadata-registry/imr-details/4688,PUBLISHED,Published,,2017.0,2017,,WPR,Western Pacific,,PHL,2017,2017,Philippines,,Yes,,,,,,
95,NCD_CCS_CholMsmt,General availability of total cholesterol measurement at the primary health care level,https://www.who.int/data/gho/indicator-metadata-registry/imr-details/2415,PUBLISHED,Published,,2017.0,2017,,WPR,Western Pacific,,PHL,2017,2017,Philippines,,Yes,,,,,,
96,NCD_CCS_Spirom,General availability of peak flow measurement spirometry at the primary health care level,https://www.who.int/data/gho/indicator-metadata-registry/imr-details/2416,PUBLISHED,Published,,2017.0,2017,,WPR,Western Pacific,,PHL,2017,2017,Philippines,,Yes,,,,,,
97,NCD_CCS_UrineAlbumin,General availability of urine testing for albumin,https://www.who.int/data/gho/indicator-metadata-registry/imr-details/4553,PUBLISHED,Published,,2017.0,2017,,WPR,Western Pacific,,PHL,2017,2017,Philippines,,Yes,,,,,,
98,NCD_CCS_Insulin,General availability of insulin in the public health sector,https://www.who.int/data/gho/indicator-metadata-registry/imr-details/2417,PUBLISHED,Published,,2017.0,2017,,WPR,Western Pacific,,PHL,2017,2017,Philippines,,No,,,,,,
99,NCD_CCS_Aspirin,General availability of aspirin (100 mg) in the public health sector,https://www.who.int/data/gho/indicator-metadata-registry/imr-details/2418,PUBLISHED,Published,,2017.0,2017,,WPR,Western Pacific,,PHL,2017,2017,Philippines,,No,,,,,,
100,NCD_CCS_Metformin,General availability of metformin in the public health sector,https://www.who.int/data/gho/indicator-metadata-registry/imr-details/2419,PUBLISHED,Published,,2017.0,2017,,WPR,Western Pacific,,PHL,2017,2017,Philippines,,Yes,,,,,,
101,NCD_CCS_Thiazide,General availability of thiazide diuretics in the public health sector,https://www.who.int/data/gho/indicator-metadata-registry/imr-details/2421,PUBLISHED,Published,,2017.0,2017,,WPR,Western Pacific,,PHL,2017,2017,Philippines,,No,,,,,,
102,NCD_CCS_ACE,General availability of ACE inhibitors in the public health sector,https://www.who.int/data/gho/indicator-metadata-registry/imr-details/2422,PUBLISHED,Published,,2017.0,2017,,WPR,Western Pacific,,PHL,2017,2017,Philippines,,Yes,,,,,,
103,NCD_CCS_CCBlkrs,General availability of CC blockers in the public health sector,https://www.who.int/data/gho/indicator-metadata-registry/imr-details/2423,PUBLISHED,Published,,2017.0,2017,,WPR,Western Pacific,,PHL,2017,2017,Philippines,,Yes,,,,,,
104,NCD_CCS_betablockers,General availability of beta blockers in the public health sector,https://www.who.int/data/gho/indicator-metadata-registry/imr-details/4705,PUBLISHED,Published,,2017.0,2017,,WPR,Western Pacific,,PHL,2017,2017,Philippines,,Yes,,,,,,
105,NCD_CCS_Statins,General availability of statins in the public health sector,https://www.who.int/data/gho/indicator-metadata-registry/imr-details/2426,PUBLISHED,Published,,2017.0,2017,,WPR,Western Pacific,,PHL,2017,2017,Philippines,,No,,,,,,
106,NCD_CCS_OralMorph,General availability of oral morphine in the public health sector,https://www.who.int/data/gho/indicator-metadata-registry/imr-details/2427,PUBLISHED,Published,,2017.0,2017,,WPR,Western Pacific,,PHL,2017,2017,Philippines,,No,,,,,,
107,NCD_CCS_Steroid,General availability of steroid inhalers in the public health sector,https://www.who.int/data/gho/indicator-metadata-registry/imr-details/2431,PUBLISHED,Published,,2017.0,2017,,WPR,Western Pacific,,PHL,2017,2017,Philippines,,No,,,,,,
108,NCD_CCS_Bronchodilators,General availability of bronchodilators in the public health sector,https://www.who.int/data/gho/indicator-metadata-registry/imr-details/4554,PUBLISHED,Published,,2017.0,2017,,WPR,Western Pacific,,PHL,2017,2017,Philippines,,No,,,,,,
109,NCD_CCS_sulphonylurea,General availability of sulphonylurea(s) in the public health sector,https://www.who.int/data/gho/indicator-metadata-registry/imr-details/4706,PUBLISHED,Published,,2017.0,2017,,WPR,Western Pacific,,PHL,2017,2017,Philippines,,No,,,,,,
110,NCD_CCS_Nicotine,General availability of nicotine replacement therapy in the public health sector,https://www.who.int/data/gho/indicator-metadata-registry/imr-details/2428,PUBLISHED,Published,,2017.0,2017,,WPR,Western Pacific,,PHL,2017,2017,Philippines,,No,,,,,,
111,NCD_CCS_breastcancerscreening,Existence of national screening program for breast cancer,https://www.who.int/data/gho/indicator-metadata-registry/imr-details/4689,PUBLISHED,Published,,2017.0,2017,,WPR,Western Pacific,,PHL,2017,2017,Philippines,,No,,,,,,
112,NCD_CCS_cervicalcancerscreening,Existence of national screening program for cervical cancer,https://www.who.int/data/gho/indicator-metadata-registry/imr-details/4690,PUBLISHED,Published,,2017.0,2017,,WPR,Western Pacific,,PHL,2017,2017,Philippines,,Yes,,,,,,
113,NCD_CCS_cervicalcancermethod,Most widely used screening method in national cervical cancer screening program,https://www.who.int/data/gho/indicator-metadata-registry/imr-details/4691,PUBLISHED,Published,,2017.0,2017,,WPR,Western Pacific,,PHL,2017,2017,Philippines,,Visual inspection,,,,,,
114,NCD_CCS_cervicalcancerpgmtype,Type of national cervical cancer screening program,https://www.who.int/data/gho/indicator-metadata-registry/imr-details/4692,PUBLISHED,Published,,2017.0,2017,,WPR,Western Pacific,,PHL,2017,2017,Philippines,,Opportunistic screening,,,,,,
115,NCD_CCS_cervicalcancerpgmcvg,Coverage of national cervical cancer screening program (%),https://www.who.int/data/gho/indicator-metadata-registry/imr-details/4693,PUBLISHED,Published,,2017.0,2017,,WPR,Western Pacific,,PHL,2017,2017,Philippines,,Less than 10,,,,,,
116,NCD_CCS_hpv,Existence of national HPV vaccination programme,https://www.who.int/data/gho/indicator-metadata-registry/imr-details/4694,PUBLISHED,Published,,2017.0,2017,,WPR,Western Pacific,,PHL,2017,2017,Philippines,,Yes,,,,,,
117,NCD_CCS_photocoag,General availability of retinal photocoagulation in the public health system,https://www.who.int/data/gho/indicator-metadata-registry/imr-details/4695,PUBLISHED,Published,,2017.0,2017,,WPR,Western Pacific,,PHL,2017,2017,Philippines,,No,,,,,,
118,NCD_CCS_dialysis,General availability of dialysis in the public health system,https://www.who.int/data/gho/indicator-metadata-registry/imr-details/4696,PUBLISHED,Published,,2017.0,2017,,WPR,Western Pacific,,PHL,2017,2017,Philippines,,No,,,,,,
119,NCD_CCS_renaltrans,General availability of renal replacement by transplantation in the public health system,https://www.who.int/data/gho/indicator-metadata-registry/imr-details/4697,PUBLISHED,Published,,2017.0,2017,,WPR,Western Pacific,,PHL,2017,2017,Philippines,,No,,,,,,
120,NCD_CCS_thrombolytic,General availability of thrombolytic therapy in the public health system,https://www.who.int/data/gho/indicator-metadata-registry/imr-details/4699,PUBLISHED,Published,,2017.0,2017,,WPR,Western Pacific,,PHL,2017,2017,Philippines,,No,,,,,,
121,NCD_CCS_coronary,General availability of coronary bypass or stenting in the public health system,https://www.who.int/data/gho/indicator-metadata-registry/imr-details/4698,PUBLISHED,Published,,2017.0,2017,,WPR,Western Pacific,,PHL,2017,2017,Philippines,,No,,,,,,
122,NCD_CCS_palliative_prim,General availability of palliative care in primary health care in the public health system,https://www.who.int/data/gho/indicator-metadata-registry/imr-details/4700,PUBLISHED,Published,,2017.0,2017,,WPR,Western Pacific,,PHL,2017,2017,Philippines,,No,,,,,,
123,NCD_CCS_palliative_home,General availability of palliative care in community or home-based care in the public health system,https://www.who.int/data/gho/indicator-metadata-registry/imr-details/4701,PUBLISHED,Published,,2017.0,2017,,WPR,Western Pacific,,PHL,2017,2017,Philippines,,No,,,,,,
124,NCD_CCS_riskstrat,Availability of cardiovascular risk stratification in 50% or more primary health care facilities,https://www.who.int/data/gho/indicator-metadata-registry/imr-details/4702,PUBLISHED,Published,,2017.0,2017,,WPR,Western Pacific,,PHL,2017,2017,Philippines,,Yes,,,,,,
125,NCD_CCS_targets,Existence of a set of time-bound national targets based on WHO guidance,https://www.who.int/data/gho/indicator-metadata-registry/imr-details/4980,PUBLISHED,Published,,2017.0,2017,,WPR,Western Pacific,,PHL,2017,2017,Philippines,,No,,,,,,
126,NCD_CCS_oralhealthplan,Existence of operational policy/strategy/action plan for oral health,https://www.who.int/data/gho/indicator-metadata-registry/imr-details/4982,PUBLISHED,Published,,2017.0,2017,,WPR,Western Pacific,,PHL,2017,2017,Philippines,,No,,,,,,
127,NCD_CCS_paaware,Implementation of physical activity public awareness program,https://www.who.int/data/gho/indicator-metadata-registry/imr-details/4981,PUBLISHED,Published,,2017.0,2017,,WPR,Western Pacific,,PHL,2017,2017,Philippines,,Yes,,,,,,
128,NCD_CCS_stroke,Provision for care of acute stroke and rehabilitation in more than 50% of public sector health facilities,https://www.who.int/data/gho/indicator-metadata-registry/imr-details/4703,PUBLISHED,Published,,2017.0,2017,,WPR,Western Pacific,,PHL,2017,2017,Philippines,,No,,,,,,
129,NCD_CCS_rheumreg,Existence of a register of patients who had rheumatic fever and rheumatic heart disease,https://www.who.int/data/gho/indicator-metadata-registry/imr-details/4983,PUBLISHED,Published,,2017.0,2017,,WPR,Western Pacific,,PHL,2017,2017,Philippines,,Don't know,,,,,,
130,NCD_CCS_rheumfollowup,Has systems for follow-up/recall to deliver long-term penicillin prophylaxis to patients with rheumatic fever and rheumatic heart disease,https://www.who.int/data/gho/indicator-metadata-registry/imr-details/4984,PUBLISHED,Published,,2017.0,2017,,WPR,Western Pacific,,PHL,2017,2017,Philippines,,Not applicable,,,,,,
131,NCD_CCS_paaware,Implementation of physical activity public awareness program,https://www.who.int/data/gho/indicator-metadata-registry/imr-details/4981,PUBLISHED,Published,,2015.0,2015,,WPR,Western Pacific,,PHL,2015,2015,Philippines,,Yes,,,,,,
132,NCD_CCS_targets,Existence of a set of time-bound national targets based on WHO guidance,https://www.who.int/data/gho/indicator-metadata-registry/imr-details/4980,PUBLISHED,Published,,2015.0,2015,,WPR,Western Pacific,,PHL,2015,2015,Philippines,,No,,,,,,
133,NCD_CCS_SSBTAX,Existence of tax on sugar-sweetened beverages,https://www.who.int/data/gho/indicator-metadata-registry/imr-details/5283,PUBLISHED,Published,,2017.0,2017,,WPR,Western Pacific,,PHL,2017,2017,Philippines,,No,,,,,,
134,NCD_CCS_MultisecComm,"Existence of a national multisectoral commission, agency or mechanism for NCDs",https://www.who.int/data/gho/indicator-metadata-registry/imr-details/4678,PUBLISHED,Published,,2019.0,2019,,WPR,Western Pacific,,PHL,2019,2019,Philippines,,No,,,,,,
135,NCD_CCS_integNCDplan,"Existence of an operational, multisectoral national NCD policy, strategy or action plan that integrates several NCDs and their risk factors",https://www.who.int/data/gho/indicator-metadata-registry/imr-details/4680,PUBLISHED,Published,,2019.0,2019,,WPR,Western Pacific,,PHL,2019,2019,Philippines,,Yes,,,,,,
136,NCD_CCS_Mkting,Existence of any policies on marketing of foods to children,https://www.who.int/data/gho/indicator-metadata-registry/imr-details/4682,PUBLISHED,Published,,2019.0,2019,,WPR,Western Pacific,,PHL,2019,2019,Philippines,,Yes,,,,,,
137,NCD_CCS_SaltPol,Existence of any policies to reduce population salt consumption,https://www.who.int/data/gho/indicator-metadata-registry/imr-details/4683,PUBLISHED,Published,,2019.0,2019,,WPR,Western Pacific,,PHL,2019,2019,Philippines,,No,,,,,,
138,NCD_CCS_SatFat,Existence of national policies on saturated fatty acids,https://www.who.int/data/gho/indicator-metadata-registry/imr-details/5554,PUBLISHED,Published,,2019.0,2019,,WPR,Western Pacific,,PHL,2019,2019,Philippines,,No,,,,,,
139,NCD_CCS_TransFat,Existence of national policies on trans-fatty acid elimination,https://www.who.int/data/gho/indicator-metadata-registry/imr-details/5555,PUBLISHED,Published,,2019.0,2019,,WPR,Western Pacific,,PHL,2019,2019,Philippines,,No,,,,,,
140,NCD_CCS_CVDPlan,Existence of operational policy/strategy/action plan for cardiovascular diseases,https://www.who.int/data/gho/indicator-metadata-registry/imr-details/2397,PUBLISHED,Published,,2019.0,2019,,WPR,Western Pacific,,PHL,2019,2019,Philippines,,Yes,,,,,,
141,NCD_CCS_CancerPlan,Existence of operational policy/strategy/action plan for cancer,https://www.who.int/data/gho/indicator-metadata-registry/imr-details/2398,PUBLISHED,Published,,2019.0,2019,,WPR,Western Pacific,,PHL,2019,2019,Philippines,,Yes,,,,,,
142,NCD_CCS_DiabPlan,Existence of operational policy/strategy/action plan for diabetes,https://www.who.int/data/gho/indicator-metadata-registry/imr-details/2399,PUBLISHED,Published,,2019.0,2019,,WPR,Western Pacific,,PHL,2019,2019,Philippines,,Yes,,,,,,
143,NCD_CCS_CRDPlan,Existence of operational policy/strategy/action plan for chronic respiratory diseases,https://www.who.int/data/gho/indicator-metadata-registry/imr-details/2400,PUBLISHED,Published,,2019.0,2019,,WPR,Western Pacific,,PHL,2019,2019,Philippines,,Yes,,,,,,
144,NCD_CCS_oralhealthplan,Existence of operational policy/strategy/action plan for oral health,https://www.who.int/data/gho/indicator-metadata-registry/imr-details/4982,PUBLISHED,Published,,2019.0,2019,,WPR,Western Pacific,,PHL,2019,2019,Philippines,,No,,,,,,
145,NCD_CCS_TobPlan,Existence of operational policy/strategy/action plan to decrease tobacco use,https://www.who.int/data/gho/indicator-metadata-registry/imr-details/2404,PUBLISHED,Published,,2019.0,2019,,WPR,Western Pacific,,PHL,2019,2019,Philippines,,Yes,,,,,,
146,NCD_CCS_DietPlan,Existence of operational policy/strategy/action plan to reduce unhealthy diet related to NCDs,https://www.who.int/data/gho/indicator-metadata-registry/imr-details/2402,PUBLISHED,Published,,2019.0,2019,,WPR,Western Pacific,,PHL,2019,2019,Philippines,,Yes,,,,,,
147,NCD_CCS_AlcPlan,Existence of operational policy/strategy/action plan to reduce the harmful use of alcohol,https://www.who.int/data/gho/indicator-metadata-registry/imr-details/2401,PUBLISHED,Published,,2019.0,2019,,WPR,Western Pacific,,PHL,2019,2019,Philippines,,Yes,,,,,,
148,NCD_CCS_PAPlan,Existence of operational policy/strategy/action plan to reduce physical inactivity,https://www.who.int/data/gho/indicator-metadata-registry/imr-details/2403,PUBLISHED,Published,,2019.0,2019,,WPR,Western Pacific,,PHL,2019,2019,Philippines,,Yes,,,,,,
149,NCD_CCS_targets,Existence of a set of time-bound national targets based on WHO guidance,https://www.who.int/data/gho/indicator-metadata-registry/imr-details/4980,PUBLISHED,Published,,2019.0,2019,,WPR,Western Pacific,,PHL,2019,2019,Philippines,,Yes,,,,,,
150,NCD_CCS_paaware,Implementation of physical activity public awareness program,https://www.who.int/data/gho/indicator-metadata-registry/imr-details/4981,PUBLISHED,Published,,2019.0,2019,,WPR,Western Pacific,,PHL,2019,2019,Philippines,,Yes,,,,,,
151,NCD_CCS_DiabetesReg,Existence of a diabetes registry,https://www.who.int/data/gho/indicator-metadata-registry/imr-details/4686,PUBLISHED,Published,,2019.0,2019,,WPR,Western Pacific,,PHL,2019,2019,Philippines,,Yes,,,,,,
152,NCD_CCS_PM3_Surv,Has a STEPS survey or a comprehensive health examination survey every 5 years,https://www.who.int/data/gho/indicator-metadata-registry/imr-details/4687,PUBLISHED,Published,,2019.0,2019,,WPR,Western Pacific,,PHL,2019,2019,Philippines,,No,,,,,,
153,NCD_CCS_diabtest,"General availability of diabetes testing (by blood glucose measurement, OGTT) at the primary health care level",https://www.who.int/data/gho/indicator-metadata-registry/imr-details/2413,PUBLISHED,Published,,2019.0,2019,,WPR,Western Pacific,,PHL,2019,2019,Philippines,,Yes,,,,,,
154,NCD_CCS_HbA1c,General availability of diabetes testing (by HbA1c) at the primary health care level,https://www.who.int/data/gho/indicator-metadata-registry/imr-details/4688,PUBLISHED,Published,,2019.0,2019,,WPR,Western Pacific,,PHL,2019,2019,Philippines,,Yes,,,,,,
155,NCD_CCS_CholMsmt,General availability of total cholesterol measurement at the primary health care level,https://www.who.int/data/gho/indicator-metadata-registry/imr-details/2415,PUBLISHED,Published,,2019.0,2019,,WPR,Western Pacific,,PHL,2019,2019,Philippines,,Yes,,,,,,
156,NCD_CCS_Spirom,General availability of peak flow measurement spirometry at the primary health care level,https://www.who.int/data/gho/indicator-metadata-registry/imr-details/2416,PUBLISHED,Published,,2019.0,2019,,WPR,Western Pacific,,PHL,2019,2019,Philippines,,Yes,,,,,,
157,NCD_CCS_UrineAlbumin,General availability of urine testing for albumin,https://www.who.int/data/gho/indicator-metadata-registry/imr-details/4553,PUBLISHED,Published,,2019.0,2019,,WPR,Western Pacific,,PHL,2019,2019,Philippines,,Yes,,,,,,
158,NCD_CCS_Insulin,General availability of insulin in the public health sector,https://www.who.int/data/gho/indicator-metadata-registry/imr-details/2417,PUBLISHED,Published,,2019.0,2019,,WPR,Western Pacific,,PHL,2019,2019,Philippines,,Yes,,,,,,
159,NCD_CCS_Aspirin,General availability of aspirin (100 mg) in the public health sector,https://www.who.int/data/gho/indicator-metadata-registry/imr-details/2418,PUBLISHED,Published,,2019.0,2019,,WPR,Western Pacific,,PHL,2019,2019,Philippines,,No,,,,,,
160,NCD_CCS_Metformin,General availability of metformin in the public health sector,https://www.who.int/data/gho/indicator-metadata-registry/imr-details/2419,PUBLISHED,Published,,2019.0,2019,,WPR,Western Pacific,,PHL,2019,2019,Philippines,,Yes,,,,,,
161,NCD_CCS_Thiazide,General availability of thiazide diuretics in the public health sector,https://www.who.int/data/gho/indicator-metadata-registry/imr-details/2421,PUBLISHED,Published,,2019.0,2019,,WPR,Western Pacific,,PHL,2019,2019,Philippines,,No,,,,,,
162,NCD_CCS_ACE,General availability of ACE inhibitors in the public health sector,https://www.who.int/data/gho/indicator-metadata-registry/imr-details/2422,PUBLISHED,Published,,2019.0,2019,,WPR,Western Pacific,,PHL,2019,2019,Philippines,,No,,,,,,
163,NCD_CCS_ARB,General availability of Angiotensin II receptor blockers (ARBs) in the public health sector,,PUBLISHED,Published,,2019.0,2019,,WPR,Western Pacific,,PHL,2019,2019,Philippines,,Yes,,,,,,
164,NCD_CCS_CCBlkrs,General availability of CC blockers in the public health sector,https://www.who.int/data/gho/indicator-metadata-registry/imr-details/2423,PUBLISHED,Published,,2019.0,2019,,WPR,Western Pacific,,PHL,2019,2019,Philippines,,Yes,,,,,,
165,NCD_CCS_betablockers,General availability of beta blockers in the public health sector,https://www.who.int/data/gho/indicator-metadata-registry/imr-details/4705,PUBLISHED,Published,,2019.0,2019,,WPR,Western Pacific,,PHL,2019,2019,Philippines,,No,,,,,,
166,NCD_CCS_Statins,General availability of statins in the public health sector,https://www.who.int/data/gho/indicator-metadata-registry/imr-details/2426,PUBLISHED,Published,,2019.0,2019,,WPR,Western Pacific,,PHL,2019,2019,Philippines,,Yes,,,,,,
167,NCD_CCS_OralMorph,General availability of oral morphine in the public health sector,https://www.who.int/data/gho/indicator-metadata-registry/imr-details/2427,PUBLISHED,Published,,2019.0,2019,,WPR,Western Pacific,,PHL,2019,2019,Philippines,,No,,,,,,
168,NCD_CCS_Steroid,General availability of steroid inhalers in the public health sector,https://www.who.int/data/gho/indicator-metadata-registry/imr-details/2431,PUBLISHED,Published,,2019.0,2019,,WPR,Western Pacific,,PHL,2019,2019,Philippines,,No,,,,,,
169,NCD_CCS_Bronchodilators,General availability of bronchodilators in the public health sector,https://www.who.int/data/gho/indicator-metadata-registry/imr-details/4554,PUBLISHED,Published,,2019.0,2019,,WPR,Western Pacific,,PHL,2019,2019,Philippines,,No,,,,,,
170,NCD_CCS_sulphonylurea,General availability of sulphonylurea(s) in the public health sector,https://www.who.int/data/gho/indicator-metadata-registry/imr-details/4706,PUBLISHED,Published,,2019.0,2019,,WPR,Western Pacific,,PHL,2019,2019,Philippines,,Yes,,,,,,
171,NCD_CCS_Nicotine,General availability of nicotine replacement therapy in the public health sector,https://www.who.int/data/gho/indicator-metadata-registry/imr-details/2428,PUBLISHED,Published,,2019.0,2019,,WPR,Western Pacific,,PHL,2019,2019,Philippines,,No,,,,,,
172,NCD_CCS_breastcancerscreening,Existence of national screening program for breast cancer,https://www.who.int/data/gho/indicator-metadata-registry/imr-details/4689,PUBLISHED,Published,,2019.0,2019,,WPR,Western Pacific,,PHL,2019,2019,Philippines,,Yes,,,,,,
173,NCD_CCS_cervicalcancerscreening,Existence of national screening program for cervical cancer,https://www.who.int/data/gho/indicator-metadata-registry/imr-details/4690,PUBLISHED,Published,,2019.0,2019,,WPR,Western Pacific,,PHL,2019,2019,Philippines,,Yes,,,,,,
174,NCD_CCS_cervicalcancermethod,Most widely used screening method in national cervical cancer screening program,https://www.who.int/data/gho/indicator-metadata-registry/imr-details/4691,PUBLISHED,Published,,2019.0,2019,,WPR,Western Pacific,,PHL,2019,2019,Philippines,,Visual inspection,,,,,,
175,NCD_CCS_cervicalcancerpgmtype,Type of national cervical cancer screening program,https://www.who.int/data/gho/indicator-metadata-registry/imr-details/4692,PUBLISHED,Published,,2019.0,2019,,WPR,Western Pacific,,PHL,2019,2019,Philippines,,Opportunistic screening,,,,,,
176,NCD_CCS_cervicalcancerpgmcvg,Coverage of national cervical cancer screening program (%),https://www.who.int/data/gho/indicator-metadata-registry/imr-details/4693,PUBLISHED,Published,,2019.0,2019,,WPR,Western Pacific,,PHL,2019,2019,Philippines,,Don't know,,,,,,
177,NCD_CCS_hpv,Existence of national HPV vaccination programme,https://www.who.int/data/gho/indicator-metadata-registry/imr-details/4694,PUBLISHED,Published,,2019.0,2019,,WPR,Western Pacific,,PHL,2019,2019,Philippines,,Yes,,,,,,
178,NCD_CCS_photocoag,General availability of retinal photocoagulation in the public health system,https://www.who.int/data/gho/indicator-metadata-registry/imr-details/4695,PUBLISHED,Published,,2019.0,2019,,WPR,Western Pacific,,PHL,2019,2019,Philippines,,No,,,,,,
179,NCD_CCS_dialysis,General availability of dialysis in the public health system,https://www.who.int/data/gho/indicator-metadata-registry/imr-details/4696,PUBLISHED,Published,,2019.0,2019,,WPR,Western Pacific,,PHL,2019,2019,Philippines,,No,,,,,,
180,NCD_CCS_renaltrans,General availability of renal replacement by transplantation in the public health system,https://www.who.int/data/gho/indicator-metadata-registry/imr-details/4697,PUBLISHED,Published,,2019.0,2019,,WPR,Western Pacific,,PHL,2019,2019,Philippines,,No,,,,,,
181,NCD_CCS_thrombolytic,General availability of thrombolytic therapy in the public health system,https://www.who.int/data/gho/indicator-metadata-registry/imr-details/4699,PUBLISHED,Published,,2019.0,2019,,WPR,Western Pacific,,PHL,2019,2019,Philippines,,No,,,,,,
182,NCD_CCS_bone_marrow,General availability of bone marrow transplantation in the public health system,,PUBLISHED,Published,,2019.0,2019,,WPR,Western Pacific,,PHL,2019,2019,Philippines,,No,,,,,,
183,NCD_CCS_coronary,General availability of coronary bypass or stenting in the public health system,https://www.who.int/data/gho/indicator-metadata-registry/imr-details/4698,PUBLISHED,Published,,2019.0,2019,,WPR,Western Pacific,,PHL,2019,2019,Philippines,,No,,,,,,
184,NCD_CCS_palliative_prim,General availability of palliative care in primary health care in the public health system,https://www.who.int/data/gho/indicator-metadata-registry/imr-details/4700,PUBLISHED,Published,,2019.0,2019,,WPR,Western Pacific,,PHL,2019,2019,Philippines,,No,,,,,,
185,NCD_CCS_palliative_home,General availability of palliative care in community or home-based care in the public health system,https://www.who.int/data/gho/indicator-metadata-registry/imr-details/4701,PUBLISHED,Published,,2019.0,2019,,WPR,Western Pacific,,PHL,2019,2019,Philippines,,No,,,,,,
186,NCD_CCS_riskstrat,Availability of cardiovascular risk stratification in 50% or more primary health care facilities,https://www.who.int/data/gho/indicator-metadata-registry/imr-details/4702,PUBLISHED,Published,,2019.0,2019,,WPR,Western Pacific,,PHL,2019,2019,Philippines,,Yes,,,,,,
187,NCD_CCS_stroke,Provision for care of acute stroke and rehabilitation in more than 50% of public sector health facilities,https://www.who.int/data/gho/indicator-metadata-registry/imr-details/4703,PUBLISHED,Published,,2019.0,2019,,WPR,Western Pacific,,PHL,2019,2019,Philippines,,No,,,,,,
188,NCD_CCS_rheumreg,Existence of a register of patients who had rheumatic fever and rheumatic heart disease,https://www.who.int/data/gho/indicator-metadata-registry/imr-details/4983,PUBLISHED,Published,,2019.0,2019,,WPR,Western Pacific,,PHL,2019,2019,Philippines,,No,,,,,,
189,NCD_CCS_rheumfollowup,Has systems for follow-up/recall to deliver long-term penicillin prophylaxis to patients with rheumatic fever and rheumatic heart disease,https://www.who.int/data/gho/indicator-metadata-registry/imr-details/4984,PUBLISHED,Published,,2019.0,2019,,WPR,Western Pacific,,PHL,2019,2019,Philippines,,Not applicable,,,,,,
190,NCD_CCS_SSBTAX,Existence of tax on sugar-sweetened beverages,https://www.who.int/data/gho/indicator-metadata-registry/imr-details/5283,PUBLISHED,Published,,2019.0,2019,,WPR,Western Pacific,,PHL,2019,2019,Philippines,,Yes,,,,,,
