index,GHO (CODE),GHO (DISPLAY),GHO (URL),PUBLISHSTATE (CODE),PUBLISHSTATE (DISPLAY),PUBLISHSTATE (URL),YEAR (CODE),YEAR (DISPLAY),YEAR (URL),REGION (CODE),REGION (DISPLAY),REGION (URL),COUNTRY (CODE),STARTYEAR,ENDYEAR,COUNTRY (DISPLAY),COUNTRY (URL),RSUDMAINSUBSTANCEATTREATMENT (CODE),RSUDMAINSUBSTANCEATTREATMENT (DISPLAY),RSUDMAINSUBSTANCEATTREATMENT (URL),RSUDSUBSTANCEDEPENDENCE (CODE),RSUDSUBSTANCEDEPENDENCE (DISPLAY),RSUDSUBSTANCEDEPENDENCE (URL),Display Value,Numeric,Low,High,StdErr,StdDev,Comments
0,#indicator+code,#indicator+name,#indicator+url,#status+code,#status+name,,,#date+year,,#region+code,#region+name,,#country+code,#date+year+start,#date+year+end,#country+name,,,,,,,,,#indicator+value+num,,,,,
1,RSUD_400,Main substance at treatment entry,https://www.who.int/data/gho/indicator-metadata-registry/imr-details/2503,PUBLISHED,Published,,2014.0,2014,,WPR,Western Pacific,,PHL,2014,2014,Philippines,,SECOND_MAIN,Second main,,,,,Alcohol,,,,,,
2,RSUD_400,Main substance at treatment entry,https://www.who.int/data/gho/indicator-metadata-registry/imr-details/2503,PUBLISHED,Published,,2014.0,2014,,WPR,Western Pacific,,PHL,2014,2014,Philippines,,FIRST_MAIN,First main,,,,,Amphetamine type stimulants,,,,,,
3,RSUD_400,Main substance at treatment entry,https://www.who.int/data/gho/indicator-metadata-registry/imr-details/2503,PUBLISHED,Published,,2014.0,2014,,WPR,Western Pacific,,PHL,2014,2014,Philippines,,THIRD_MAIN,Third main,,,,,Cannabis,,,,,,
4,RSUD_410,Reported treatment coverage for substance dependence,https://www.who.int/data/gho/indicator-metadata-registry/imr-details/2527,PUBLISHED,Published,,2016.0,2016,,WPR,Western Pacific,,PHL,2016,2016,Philippines,,,,,ALCOHOL_DEPENDENCE,Alcohol dependence,,Substantial (21-40%),,,,,,
5,RSUD_410,Reported treatment coverage for substance dependence,https://www.who.int/data/gho/indicator-metadata-registry/imr-details/2527,PUBLISHED,Published,,2014.0,2014,,WPR,Western Pacific,,PHL,2014,2014,Philippines,,,,,CANNABIS_DEPENDENCE,Cannabis dependence,,High (more than 40%),,,,,,
6,RSUD_410,Reported treatment coverage for substance dependence,https://www.who.int/data/gho/indicator-metadata-registry/imr-details/2527,PUBLISHED,Published,,2014.0,2014,,WPR,Western Pacific,,PHL,2014,2014,Philippines,,,,,COCAINE_DEPENDENCE,Cocaine dependence,,No data,,,,,,
7,RSUD_410,Reported treatment coverage for substance dependence,https://www.who.int/data/gho/indicator-metadata-registry/imr-details/2527,PUBLISHED,Published,,2014.0,2014,,WPR,Western Pacific,,PHL,2014,2014,Philippines,,,,,OPIOID_DEPENDENCE,Opioid dependence,,No data,,,,,,
