index,GHO (CODE),GHO (DISPLAY),GHO (URL),PUBLISHSTATE (CODE),PUBLISHSTATE (DISPLAY),PUBLISHSTATE (URL),YEAR (CODE),YEAR (DISPLAY),YEAR (URL),REGION (CODE),REGION (DISPLAY),REGION (URL),COUNTRY (CODE),STARTYEAR,ENDYEAR,COUNTRY (DISPLAY),COUNTRY (URL),SUBSTANCETYPE (CODE),SUBSTANCETYPE (DISPLAY),SUBSTANCETYPE (URL),Display Value,Numeric,Low,High,StdErr,StdDev,Comments
0,#indicator+code,#indicator+name,#indicator+url,#status+code,#status+name,,,#date+year,,#region+code,#region+name,,#country+code,#date+year+start,#date+year+end,#country+name,,,,,,#indicator+value+num,,,,,
1,RSUD_100,Government unit/official responsible for prevention for substance use,https://www.who.int/data/gho/indicator-metadata-registry/imr-details/2517,PUBLISHED,Published,,2014.0,2014,,WPR,Western Pacific,,PHL,2014,2014,Philippines,,,,,One unit/official for alcohol and drugs,,,,,,
2,RSUD_110,Ministry/office that takes primary responsibility for prevention for substance use,https://www.who.int/data/gho/indicator-metadata-registry/imr-details/2553,PUBLISHED,Published,,2014.0,2014,,WPR,Western Pacific,,PHL,2014,2014,Philippines,,ALCOHOL,Alcohol,,Ministry of health,,,,,,
3,RSUD_110,Ministry/office that takes primary responsibility for prevention for substance use,https://www.who.int/data/gho/indicator-metadata-registry/imr-details/2553,PUBLISHED,Published,,2014.0,2014,,WPR,Western Pacific,,PHL,2014,2014,Philippines,,DRUGS,Drugs,,Ministry of health,,,,,,
4,RSUD_120,Five years change in international cooperation for prevention for substance use,https://www.who.int/data/gho/indicator-metadata-registry/imr-details/2542,PUBLISHED,Published,,2014.0,2014,,WPR,Western Pacific,,PHL,2014,2014,Philippines,,ALCOHOL,Alcohol,,No change,,,,,,
5,RSUD_120,Five years change in international cooperation for prevention for substance use,https://www.who.int/data/gho/indicator-metadata-registry/imr-details/2542,PUBLISHED,Published,,2014.0,2014,,WPR,Western Pacific,,PHL,2014,2014,Philippines,,DRUGS,Drugs,,Significant increase,,,,,,
