index,GHO (CODE),GHO (DISPLAY),GHO (URL),PUBLISHSTATE (CODE),PUBLISHSTATE (DISPLAY),PUBLISHSTATE (URL),YEAR (CODE),YEAR (DISPLAY),YEAR (URL),REGION (CODE),REGION (DISPLAY),REGION (URL),COUNTRY (CODE),STARTYEAR,ENDYEAR,COUNTRY (DISPLAY),COUNTRY (URL),Display Value,Numeric,Low,High,StdErr,StdDev,Comments
0,#indicator+code,#indicator+name,#indicator+url,#status+code,#status+name,,,#date+year,,#region+code,#region+name,,#country+code,#date+year+start,#date+year+end,#country+name,,,#indicator+value+num,,,,,
1,SRHINSTITUTIONALBIRTH,Institutional Births (birth taken place in a facility) (%),https://www.who.int/data/gho/indicator-metadata-registry/imr-details/5580,PUBLISHED,Published,,1988-1993,1988-1993,,WPR,Western Pacific,,PHL,1988,1993,Philippines,,28.2,28.20000,,,,,"DHS 1993. National Statistics Office (NSO) [Philippines], Macro International Inc. National Demographic Survey 1993. Calverton, Maryland: (NSO) [Philippines], Macro International Inc.; 1994."
2,SRHINSTITUTIONALBIRTH,Institutional Births (birth taken place in a facility) (%),https://www.who.int/data/gho/indicator-metadata-registry/imr-details/5580,PUBLISHED,Published,,1993-1998,1993-1998,,WPR,Western Pacific,,PHL,1993,1998,Philippines,,34.2,34.20000,,,,,"DHS 1998.  National Statistics Office (NSO) [Philippines], Department of Health (DOH) [Philippines], Macro International Inc. (MI). National Demographic and Health Survey 1998. Manila: National Statistics Office (NSO) [Philippines], Department of Health (DOH) [Philippines], Macro International Inc. (MI); 1999."
3,SRHINSTITUTIONALBIRTH,Institutional Births (birth taken place in a facility) (%),https://www.who.int/data/gho/indicator-metadata-registry/imr-details/5580,PUBLISHED,Published,,1998-2003,1998-2003,,WPR,Western Pacific,,PHL,1998,2003,Philippines,,37.9,37.90000,,,,,"DHS 2003.  National Statistics Office (NSO) [Philippines], ORC Macro. National Demographic and Health Survey 2003. Calverton, Maryland: NSO [Philippines], ORC Macro; 2004."
4,SRHINSTITUTIONALBIRTH,Institutional Births (birth taken place in a facility) (%),https://www.who.int/data/gho/indicator-metadata-registry/imr-details/5580,PUBLISHED,Published,,2003-2008,2003-2008,,WPR,Western Pacific,,PHL,2003,2008,Philippines,,44.2,44.20000,,,,,"DHS 2008.  National Statistics Office (NSO) [Philippines], ICF Macro. National Demographic and Health Survey 2008. Calverton, Maryland: National Statistics Office, ICF Macro; 2009."
5,SRHINSTITUTIONALBIRTH,Institutional Births (birth taken place in a facility) (%),https://www.who.int/data/gho/indicator-metadata-registry/imr-details/5580,PUBLISHED,Published,,2006-2011,2006-2011,,WPR,Western Pacific,,PHL,2006,2011,Philippines,,55.2,55.20000,,,,,"FHS 2011. 2011 Family Health Survey (FHS). Final Report. Quezon City: National Statistics Office [Philippines], United States Agency for International Development (USAID); 2012. "
6,SRHINSTITUTIONALBIRTH,Institutional Births (birth taken place in a facility) (%),https://www.who.int/data/gho/indicator-metadata-registry/imr-details/5580,PUBLISHED,Published,,2008-2013,2008-2013,,WPR,Western Pacific,,PHL,2008,2013,Philippines,,61.1,61.10000,,,,,"DHS 2013.  Philippine Statistics Authority (PSA) [Philippines], ICF International. Philippines National Demographic and Health Survey 2013. Manila, Philippines, and Rockville, Maryland, USA: PSA, ICF International; 2014. "
7,SRHINSTITUTIONALBIRTH,Institutional Births (birth taken place in a facility) (%),https://www.who.int/data/gho/indicator-metadata-registry/imr-details/5580,PUBLISHED,Published,,2012-2017,2012-2017,,WPR,Western Pacific,,PHL,2012,2017,Philippines,,77.7,77.70000,,,,,"DHS 2017.Philippines National Demographic and Health Survey 2017: Final Report. Quezon City, Philippines, and Rockville, Maryland, USA: Philippine Statistics Authority (PSA), ICF; 2018. ."
