index,GHO (CODE),GHO (DISPLAY),GHO (URL),PUBLISHSTATE (CODE),PUBLISHSTATE (DISPLAY),PUBLISHSTATE (URL),YEAR (CODE),YEAR (DISPLAY),YEAR (URL),REGION (CODE),REGION (DISPLAY),REGION (URL),WORLDBANKINCOMEGROUP (CODE),STARTYEAR,ENDYEAR,WORLDBANKINCOMEGROUP (DISPLAY),WORLDBANKINCOMEGROUP (URL),COUNTRY (CODE),COUNTRY (DISPLAY),COUNTRY (URL),EDUCATIONLEVEL (CODE),EDUCATIONLEVEL (DISPLAY),EDUCATIONLEVEL (URL),SEX (CODE),SEX (DISPLAY),SEX (URL),RESIDENCEAREATYPE (CODE),RESIDENCEAREATYPE (DISPLAY),RESIDENCEAREATYPE (URL),WEALTHQUINTILE (CODE),WEALTHQUINTILE (DISPLAY),WEALTHQUINTILE (URL),Display Value,Numeric,Low,High,StdErr,StdDev,Comments
0,#indicator+code,#indicator+name,#indicator+url,#status+code,#status+name,,,#date+year,,#region+code,#region+name,,,#date+year+start,#date+year+end,,,#country+code,#country+name,,,,,#sex+code,#sex+name,,,,,,,,,#indicator+value+num,,,,,
1,WHS2_174,Distribution of years of life lost by broader causes (%) - Injuries,https://www.who.int/data/gho/indicator-metadata-registry/imr-details/90,PUBLISHED,Published,,2008,2008,,WPR,Western Pacific,,WB_LMI,2008,2008,Lower-middle-income,,PHL,Philippines,,,,,,,,,,,,,,13,,,,,,
2,WHS9_94,Civil registration coverage of causes of deaths (%),https://www.who.int/data/gho/indicator-metadata-registry/imr-details/84,PUBLISHED,Published,,2003,2003,,WPR,Western Pacific,,WB_LMI,2003,2003,Lower-middle-income,,PHL,Philippines,,,,,,,,,,,,,,90-100,,,,,,
3,WHS6_127,Number of nursing and midwifery personnel,https://www.who.int/data/gho/indicator-metadata-registry/imr-details/102,PUBLISHED,Published,,2004,2004,,WPR,Western Pacific,,WB_LMI,2004,2004,Lower-middle-income,,PHL,Philippines,,,,,,,,,,,,,,488434,,,,,,
4,WHS6_148,Nursing and midwifery personnel density (per 10 000 population),https://www.who.int/data/gho/indicator-metadata-registry/imr-details/105,PUBLISHED,Published,,2004,2004,,WPR,Western Pacific,,WB_LMI,2004,2004,Lower-middle-income,,PHL,Philippines,,,,,,,,,,,,,,60,,,,,,
5,WHS6_123,Number of dentistry personnel,https://www.who.int/data/gho/indicator-metadata-registry/imr-details/101,PUBLISHED,Published,,2004,2004,,WPR,Western Pacific,,WB_LMI,2004,2004,Lower-middle-income,,PHL,Philippines,,,,,,,,,,,,,,45903,,,,,,
6,WHS6_144,Dentistry personnel density (per 10 000 population),https://www.who.int/data/gho/indicator-metadata-registry/imr-details/87,PUBLISHED,Published,,2004,2004,,WPR,Western Pacific,,WB_LMI,2004,2004,Lower-middle-income,,PHL,Philippines,,,,,,,,,,,,,,5.64,,,,,,
7,WHS6_517,Number of pharmaceutical personnel,https://www.who.int/data/gho/indicator-metadata-registry/imr-details/319,PUBLISHED,Published,,2004,2004,,WPR,Western Pacific,,WB_LMI,2004,2004,Lower-middle-income,,PHL,Philippines,,,,,,,,,,,,,,49667,,,,,,
8,WHS6_519,Density of pharmaceutical personnel (per 10 000 population),https://www.who.int/data/gho/indicator-metadata-registry/imr-details/320,PUBLISHED,Published,,2004,2004,,WPR,Western Pacific,,WB_LMI,2004,2004,Lower-middle-income,,PHL,Philippines,,,,,,,,,,,,,,6.1,,,,,,
9,WHS10_10,International Statistical Classification of Diseases and Related Health Problems (ICD),https://www.who.int/data/gho/indicator-metadata-registry/imr-details/83,PUBLISHED,Published,,2008,2008,,WPR,Western Pacific,,WB_LMI,2008,2008,Lower-middle-income,,PHL,Philippines,,,,,,,,,,,,,,10,10.00000,,,,,
10,WHS_PBR,Preterm birth rate (per 100 live births),https://www.who.int/data/gho/indicator-metadata-registry/imr-details/4420,PUBLISHED,Published,,2010,2010,,WPR,Western Pacific,,,2010,2010,,,PHL,Philippines,,,,,,,,,,,,,,15.00,15.00000,,,,,
11,WHS9_87,Net primary school enrolment ratio (%),https://www.who.int/data/gho/indicator-metadata-registry/imr-details/99,PUBLISHED,Published,,1999,1999,,WPR,Western Pacific,,,1999,1999,,,PHL,Philippines,,,,,FMLE,Female,,,,,,,,90.1,90.11000,,,,,
12,WHS9_87,Net primary school enrolment ratio (%),https://www.who.int/data/gho/indicator-metadata-registry/imr-details/99,PUBLISHED,Published,,1999,1999,,WPR,Western Pacific,,,1999,1999,,,PHL,Philippines,,,,,MLE,Male,,,,,,,,89.5,89.54000,,,,,
13,WHS9_87,Net primary school enrolment ratio (%),https://www.who.int/data/gho/indicator-metadata-registry/imr-details/99,PUBLISHED,Published,,2001,2001,,WPR,Western Pacific,,,2001,2001,,,PHL,Philippines,,,,,FMLE,Female,,,,,,,,91.3,91.34000,,,,,
14,WHS9_87,Net primary school enrolment ratio (%),https://www.who.int/data/gho/indicator-metadata-registry/imr-details/99,PUBLISHED,Published,,2001,2001,,WPR,Western Pacific,,,2001,2001,,,PHL,Philippines,,,,,MLE,Male,,,,,,,,89.8,89.75000,,,,,
15,WHS9_87,Net primary school enrolment ratio (%),https://www.who.int/data/gho/indicator-metadata-registry/imr-details/99,PUBLISHED,Published,,2002,2002,,WPR,Western Pacific,,,2002,2002,,,PHL,Philippines,,,,,FMLE,Female,,,,,,,,92.2,92.20000,,,,,
16,WHS9_87,Net primary school enrolment ratio (%),https://www.who.int/data/gho/indicator-metadata-registry/imr-details/99,PUBLISHED,Published,,2002,2002,,WPR,Western Pacific,,,2002,2002,,,PHL,Philippines,,,,,MLE,Male,,,,,,,,89.7,89.73000,,,,,
17,WHS9_87,Net primary school enrolment ratio (%),https://www.who.int/data/gho/indicator-metadata-registry/imr-details/99,PUBLISHED,Published,,2003,2003,,WPR,Western Pacific,,,2003,2003,,,PHL,Philippines,,,,,FMLE,Female,,,,,,,,92.3,92.26000,,,,,
18,WHS9_87,Net primary school enrolment ratio (%),https://www.who.int/data/gho/indicator-metadata-registry/imr-details/99,PUBLISHED,Published,,2003,2003,,WPR,Western Pacific,,,2003,2003,,,PHL,Philippines,,,,,MLE,Male,,,,,,,,90.3,90.28000,,,,,
19,WHS9_87,Net primary school enrolment ratio (%),https://www.who.int/data/gho/indicator-metadata-registry/imr-details/99,PUBLISHED,Published,,2004,2004,,WPR,Western Pacific,,,2004,2004,,,PHL,Philippines,,,,,FMLE,Female,,,,,,,,91.8,91.82000,,,,,
20,WHS9_87,Net primary school enrolment ratio (%),https://www.who.int/data/gho/indicator-metadata-registry/imr-details/99,PUBLISHED,Published,,2004,2004,,WPR,Western Pacific,,,2004,2004,,,PHL,Philippines,,,,,MLE,Male,,,,,,,,89.5,89.53000,,,,,
21,WHS9_87,Net primary school enrolment ratio (%),https://www.who.int/data/gho/indicator-metadata-registry/imr-details/99,PUBLISHED,Published,,2005,2005,,WPR,Western Pacific,,,2005,2005,,,PHL,Philippines,,,,,FMLE,Female,,,,,,,,91.0,91.04000,,,,,
22,WHS9_87,Net primary school enrolment ratio (%),https://www.who.int/data/gho/indicator-metadata-registry/imr-details/99,PUBLISHED,Published,,2005,2005,,WPR,Western Pacific,,,2005,2005,,,PHL,Philippines,,,,,MLE,Male,,,,,,,,88.7,88.68000,,,,,
23,WHS9_87,Net primary school enrolment ratio (%),https://www.who.int/data/gho/indicator-metadata-registry/imr-details/99,PUBLISHED,Published,,2006,2006,,WPR,Western Pacific,,,2006,2006,,,PHL,Philippines,,,,,FMLE,Female,,,,,,,,89.3,89.32000,,,,,
24,WHS9_87,Net primary school enrolment ratio (%),https://www.who.int/data/gho/indicator-metadata-registry/imr-details/99,PUBLISHED,Published,,2006,2006,,WPR,Western Pacific,,,2006,2006,,,PHL,Philippines,,,,,MLE,Male,,,,,,,,87.0,87.02000,,,,,
25,WHS9_87,Net primary school enrolment ratio (%),https://www.who.int/data/gho/indicator-metadata-registry/imr-details/99,PUBLISHED,Published,,2007,2007,,WPR,Western Pacific,,,2007,2007,,,PHL,Philippines,,,,,FMLE,Female,,,,,,,,89.0,88.99000,,,,,
26,WHS9_87,Net primary school enrolment ratio (%),https://www.who.int/data/gho/indicator-metadata-registry/imr-details/99,PUBLISHED,Published,,2007,2007,,WPR,Western Pacific,,,2007,2007,,,PHL,Philippines,,,,,MLE,Male,,,,,,,,86.8,86.78000,,,,,
27,WHS9_87,Net primary school enrolment ratio (%),https://www.who.int/data/gho/indicator-metadata-registry/imr-details/99,PUBLISHED,Published,,2008,2008,,WPR,Western Pacific,,,2008,2008,,,PHL,Philippines,,,,,FMLE,Female,,,,,,,,89.2,89.18000,,,,,
28,WHS9_87,Net primary school enrolment ratio (%),https://www.who.int/data/gho/indicator-metadata-registry/imr-details/99,PUBLISHED,Published,,2008,2008,,WPR,Western Pacific,,,2008,2008,,,PHL,Philippines,,,,,MLE,Male,,,,,,,,87.1,87.06000,,,,,
29,WHS9_87,Net primary school enrolment ratio (%),https://www.who.int/data/gho/indicator-metadata-registry/imr-details/99,PUBLISHED,Published,,2009,2009,,WPR,Western Pacific,,,2009,2009,,,PHL,Philippines,,,,,FMLE,Female,,,,,,,,89.5,89.53000,,,,,
30,WHS9_87,Net primary school enrolment ratio (%),https://www.who.int/data/gho/indicator-metadata-registry/imr-details/99,PUBLISHED,Published,,2009,2009,,WPR,Western Pacific,,,2009,2009,,,PHL,Philippines,,,,,MLE,Male,,,,,,,,87.9,87.92000,,,,,
31,WHS9_88,Population median age (years),https://www.who.int/data/gho/indicator-metadata-registry/imr-details/116,PUBLISHED,Published,,2012,2012,,WPR,Western Pacific,,,2012,2012,,,PHL,Philippines,,,,,,,,,,,,,,22.74,22.74000,,,,,
32,WHS2_138,Deaths due to HIV/AIDS (per 100 000 population),https://www.who.int/data/gho/indicator-metadata-registry/imr-details/86,PUBLISHED,Published,,2001,2001,,WPR,Western Pacific,,,2001,2001,,,PHL,Philippines,,,,,,,,,,,,,,<1,,,,,,
33,WHS2_138,Deaths due to HIV/AIDS (per 100 000 population),https://www.who.int/data/gho/indicator-metadata-registry/imr-details/86,PUBLISHED,Published,,2012,2012,,WPR,Western Pacific,,,2012,2012,,,PHL,Philippines,,,,,,,,,,,,,,<1,,,,,,
34,WHS9_91,Civil registration coverage of births (%),https://www.who.int/data/gho/indicator-metadata-registry/imr-details/83,PUBLISHED,Published,,2009,2009,,WPR,Western Pacific,,,2009,2009,,,PHL,Philippines,,,,,,,,,,,,,,>90,0.00000,,,,,
35,WHS9_93,Gross national income per capita (PPP int. $),https://www.who.int/data/gho/indicator-metadata-registry/imr-details/94,PUBLISHED,Published,,1990,1990,,WPR,Western Pacific,,,1990,1990,,,PHL,Philippines,,,,,,,,,,,,,,2550,2550.00000,,,,,
36,WHS9_93,Gross national income per capita (PPP int. $),https://www.who.int/data/gho/indicator-metadata-registry/imr-details/94,PUBLISHED,Published,,1991,1991,,WPR,Western Pacific,,,1991,1991,,,PHL,Philippines,,,,,,,,,,,,,,2590,2590.00000,,,,,
37,WHS9_93,Gross national income per capita (PPP int. $),https://www.who.int/data/gho/indicator-metadata-registry/imr-details/94,PUBLISHED,Published,,1992,1992,,WPR,Western Pacific,,,1992,1992,,,PHL,Philippines,,,,,,,,,,,,,,2640,2640.00000,,,,,
38,WHS9_93,Gross national income per capita (PPP int. $),https://www.who.int/data/gho/indicator-metadata-registry/imr-details/94,PUBLISHED,Published,,1993,1993,,WPR,Western Pacific,,,1993,1993,,,PHL,Philippines,,,,,,,,,,,,,,2710,2710.00000,,,,,
39,WHS9_93,Gross national income per capita (PPP int. $),https://www.who.int/data/gho/indicator-metadata-registry/imr-details/94,PUBLISHED,Published,,1994,1994,,WPR,Western Pacific,,,1994,1994,,,PHL,Philippines,,,,,,,,,,,,,,2860,2860.00000,,,,,
40,WHS9_93,Gross national income per capita (PPP int. $),https://www.who.int/data/gho/indicator-metadata-registry/imr-details/94,PUBLISHED,Published,,1995,1995,,WPR,Western Pacific,,,1995,1995,,,PHL,Philippines,,,,,,,,,,,,,,2990,2990.00000,,,,,
41,WHS9_93,Gross national income per capita (PPP int. $),https://www.who.int/data/gho/indicator-metadata-registry/imr-details/94,PUBLISHED,Published,,1996,1996,,WPR,Western Pacific,,,1996,1996,,,PHL,Philippines,,,,,,,,,,,,,,3180,3180.00000,,,,,
42,WHS9_93,Gross national income per capita (PPP int. $),https://www.who.int/data/gho/indicator-metadata-registry/imr-details/94,PUBLISHED,Published,,1997,1997,,WPR,Western Pacific,,,1997,1997,,,PHL,Philippines,,,,,,,,,,,,,,3380,3380.00000,,,,,
43,WHS9_93,Gross national income per capita (PPP int. $),https://www.who.int/data/gho/indicator-metadata-registry/imr-details/94,PUBLISHED,Published,,1998,1998,,WPR,Western Pacific,,,1998,1998,,,PHL,Philippines,,,,,,,,,,,,,,3600,3600.00000,,,,,
44,WHS9_93,Gross national income per capita (PPP int. $),https://www.who.int/data/gho/indicator-metadata-registry/imr-details/94,PUBLISHED,Published,,1999,1999,,WPR,Western Pacific,,,1999,1999,,,PHL,Philippines,,,,,,,,,,,,,,3660,3660.00000,,,,,
45,WHS9_93,Gross national income per capita (PPP int. $),https://www.who.int/data/gho/indicator-metadata-registry/imr-details/94,PUBLISHED,Published,,2000,2000,,WPR,Western Pacific,,,2000,2000,,,PHL,Philippines,,,,,,,,,,,,,,3950,3950.00000,,,,,
46,WHS9_93,Gross national income per capita (PPP int. $),https://www.who.int/data/gho/indicator-metadata-registry/imr-details/94,PUBLISHED,Published,,2001,2001,,WPR,Western Pacific,,,2001,2001,,,PHL,Philippines,,,,,,,,,,,,,,4100,4100.00000,,,,,
47,WHS9_93,Gross national income per capita (PPP int. $),https://www.who.int/data/gho/indicator-metadata-registry/imr-details/94,PUBLISHED,Published,,2002,2002,,WPR,Western Pacific,,,2002,2002,,,PHL,Philippines,,,,,,,,,,,,,,4240,4240.00000,,,,,
48,WHS9_93,Gross national income per capita (PPP int. $),https://www.who.int/data/gho/indicator-metadata-registry/imr-details/94,PUBLISHED,Published,,2003,2003,,WPR,Western Pacific,,,2003,2003,,,PHL,Philippines,,,,,,,,,,,,,,4600,4600.00000,,,,,
49,WHS9_93,Gross national income per capita (PPP int. $),https://www.who.int/data/gho/indicator-metadata-registry/imr-details/94,PUBLISHED,Published,,2004,2004,,WPR,Western Pacific,,,2004,2004,,,PHL,Philippines,,,,,,,,,,,,,,4970,4970.00000,,,,,
50,WHS9_93,Gross national income per capita (PPP int. $),https://www.who.int/data/gho/indicator-metadata-registry/imr-details/94,PUBLISHED,Published,,2005,2005,,WPR,Western Pacific,,,2005,2005,,,PHL,Philippines,,,,,,,,,,,,,,5390,5390.00000,,,,,
51,WHS9_93,Gross national income per capita (PPP int. $),https://www.who.int/data/gho/indicator-metadata-registry/imr-details/94,PUBLISHED,Published,,2006,2006,,WPR,Western Pacific,,,2006,2006,,,PHL,Philippines,,,,,,,,,,,,,,5740,5740.00000,,,,,
52,WHS9_93,Gross national income per capita (PPP int. $),https://www.who.int/data/gho/indicator-metadata-registry/imr-details/94,PUBLISHED,Published,,2007,2007,,WPR,Western Pacific,,,2007,2007,,,PHL,Philippines,,,,,,,,,,,,,,6150,6150.00000,,,,,
53,WHS9_93,Gross national income per capita (PPP int. $),https://www.who.int/data/gho/indicator-metadata-registry/imr-details/94,PUBLISHED,Published,,2008,2008,,WPR,Western Pacific,,,2008,2008,,,PHL,Philippines,,,,,,,,,,,,,,6490,6490.00000,,,,,
54,WHS9_93,Gross national income per capita (PPP int. $),https://www.who.int/data/gho/indicator-metadata-registry/imr-details/94,PUBLISHED,Published,,2009,2009,,WPR,Western Pacific,,,2009,2009,,,PHL,Philippines,,,,,,,,,,,,,,6820,6820.00000,,,,,
55,WHS9_93,Gross national income per capita (PPP int. $),https://www.who.int/data/gho/indicator-metadata-registry/imr-details/94,PUBLISHED,Published,,2010,2010,,WPR,Western Pacific,,,2010,2010,,,PHL,Philippines,,,,,,,,,,,,,,7340,7340.00000,,,,,
56,WHS9_93,Gross national income per capita (PPP int. $),https://www.who.int/data/gho/indicator-metadata-registry/imr-details/94,PUBLISHED,Published,,2011,2011,,WPR,Western Pacific,,,2011,2011,,,PHL,Philippines,,,,,,,,,,,,,,6830,6830.00000,,,,,
57,WHS9_93,Gross national income per capita (PPP int. $),https://www.who.int/data/gho/indicator-metadata-registry/imr-details/94,PUBLISHED,Published,,2012,2012,,WPR,Western Pacific,,,2012,2012,,,PHL,Philippines,,,,,,,,,,,,,,7290,7290.00000,,,,,
58,WHS9_88,Population median age (years),https://www.who.int/data/gho/indicator-metadata-registry/imr-details/116,PUBLISHED,Published,,2013,2013,,WPR,Western Pacific,,,2013,2013,,,PHL,Philippines,,,,,,,,,,,,,,23,23.00000,,,,,
59,WHS4_108,Children aged <5 years with ARI symptoms who took antibiotic treatment (%),https://www.who.int/data/gho/indicator-metadata-registry/imr-details/2973,PUBLISHED,Published,,2013,2013,,WPR,Western Pacific,,,2013,2013,,,PHL,Philippines,,,,,,,,,,,,,,50.0,50.00000,,,,,
60,WHS4_107,Children aged <5 years with diarrhoea receiving ORT (%),https://www.who.int/data/gho/indicator-metadata-registry/imr-details/71,PUBLISHED,Published,,2013,2013,,WPR,Western Pacific,,,2013,2013,,,PHL,Philippines,,,,,,,,,,,,,,55.5,55.50000,,,,,ORT includes ORS or recommended homemade fluids
61,WHS4_107,Children aged <5 years with diarrhoea receiving ORT (%),https://www.who.int/data/gho/indicator-metadata-registry/imr-details/71,PUBLISHED,Published,,2003,2003,,WPR,Western Pacific,,,2003,2003,,,PHL,Philippines,,,,,,,,,,,,,,57.4,57.40000,,,,,ORT includes ORS or recommended homemade fluids
62,WHS4_107,Children aged <5 years with diarrhoea receiving ORT (%),https://www.who.int/data/gho/indicator-metadata-registry/imr-details/71,PUBLISHED,Published,,2008,2008,,WPR,Western Pacific,,,2008,2008,,,PHL,Philippines,,,,,,,,,,,,,,58.6,58.60000,,,,,ORT includes ORS or recommended homemade fluids
63,WHS4_124,Children aged 6-59 months who received vitamin A supplementation (%),https://www.who.int/data/gho/indicator-metadata-registry/imr-details/69,PUBLISHED,Published,,2008,2008,,WPR,Western Pacific,,,2008,2008,,,PHL,Philippines,,,,,,,,,,,,,,75.9,75.90000,,,,,
64,WHS4_124,Children aged 6-59 months who received vitamin A supplementation (%),https://www.who.int/data/gho/indicator-metadata-registry/imr-details/69,PUBLISHED,Published,,2003,2003,,WPR,Western Pacific,,,2003,2003,,,PHL,Philippines,,,,,,,,,,,,,,76.0,76.00000,,,,,
65,WHS4_124,Children aged 6-59 months who received vitamin A supplementation (%),https://www.who.int/data/gho/indicator-metadata-registry/imr-details/69,PUBLISHED,Published,,2013,2013,,WPR,Western Pacific,,,2013,2013,,,PHL,Philippines,,,,,,,,,,,,,,85.2,85.20000,,,,,
66,WHS9_85,Literacy rate among adults aged >= 15 years (%),https://www.who.int/data/gho/indicator-metadata-registry/imr-details/77,PUBLISHED,Published,,2007-2012,2007-2012,,WPR,Western Pacific,,WB_LMI,2007,2012,Lower-middle-income,,PHL,Philippines,,,,,,,,,,,,,,95,95.00000,,,,,
67,WHS9_87,Net primary school enrolment ratio (%),https://www.who.int/data/gho/indicator-metadata-registry/imr-details/99,PUBLISHED,Published,,2007-2012,2007-2012,,WPR,Western Pacific,,WB_LMI,2007,2012,Lower-middle-income,,PHL,Philippines,,,,,MLE,Male,,,,,,,,88,88.00000,,,,,
68,WHS9_87,Net primary school enrolment ratio (%),https://www.who.int/data/gho/indicator-metadata-registry/imr-details/99,PUBLISHED,Published,,2007-2012,2007-2012,,WPR,Western Pacific,,WB_LMI,2007,2012,Lower-middle-income,,PHL,Philippines,,,,,FMLE,Female,,,,,,,,90,90.00000,,,,,
69,WHS9_90,Population living on <$1 (PPP int. $) a day (%),https://www.who.int/data/gho/indicator-metadata-registry/imr-details/115,PUBLISHED,Published,,2007-2013,2007-2013,,WPR,Western Pacific,,WB_LMI,2007,2013,Lower-middle-income,,PHL,Philippines,,,,,,,,,,,,,,19.0,19.00000,,,,,
70,WHS9_93,Gross national income per capita (PPP int. $),https://www.who.int/data/gho/indicator-metadata-registry/imr-details/94,PUBLISHED,Published,,2013,2013,,WPR,Western Pacific,,WB_LMI,2013,2013,Lower-middle-income,,PHL,Philippines,,,,,,,,,,,,,, 7 820,7820.00000,,,,,
71,WHS9_96,Population living in urban areas (%),https://www.who.int/data/gho/indicator-metadata-registry/imr-details/114,PUBLISHED,Published,,2050,2050,,WPR,Western Pacific,,,2050,2050,,,PHL,Philippines,,,,,,,,,,,,,,56.3,56.25100,,,,,
72,WHS9_96,Population living in urban areas (%),https://www.who.int/data/gho/indicator-metadata-registry/imr-details/114,PUBLISHED,Published,,2040,2040,,WPR,Western Pacific,,,2040,2040,,,PHL,Philippines,,,,,,,,,,,,,,51.1,51.09900,,,,,
73,WHS9_96,Population living in urban areas (%),https://www.who.int/data/gho/indicator-metadata-registry/imr-details/114,PUBLISHED,Published,,2030,2030,,WPR,Western Pacific,,,2030,2030,,,PHL,Philippines,,,,,,,,,,,,,,46.3,46.33900,,,,,
74,WHS9_96,Population living in urban areas (%),https://www.who.int/data/gho/indicator-metadata-registry/imr-details/114,PUBLISHED,Published,,2020,2020,,WPR,Western Pacific,,,2020,2020,,,PHL,Philippines,,,,,,,,,,,,,,44.3,44.26000,,,,,
75,WHS9_96,Population living in urban areas (%),https://www.who.int/data/gho/indicator-metadata-registry/imr-details/114,PUBLISHED,Published,,2010,2010,,WPR,Western Pacific,,,2010,2010,,,PHL,Philippines,,,,,,,,,,,,,,45.3,45.25500,,,,,
76,WHS9_96,Population living in urban areas (%),https://www.who.int/data/gho/indicator-metadata-registry/imr-details/114,PUBLISHED,Published,,2000,2000,,WPR,Western Pacific,,,2000,2000,,,PHL,Philippines,,,,,,,,,,,,,,48.0,47.95500,,,,,
77,WHS9_96,Population living in urban areas (%),https://www.who.int/data/gho/indicator-metadata-registry/imr-details/114,PUBLISHED,Published,,1990,1990,,WPR,Western Pacific,,,1990,1990,,,PHL,Philippines,,,,,,,,,,,,,,48.6,48.59000,,,,,
78,WHS9_96,Population living in urban areas (%),https://www.who.int/data/gho/indicator-metadata-registry/imr-details/114,PUBLISHED,Published,,1980,1980,,WPR,Western Pacific,,,1980,1980,,,PHL,Philippines,,,,,,,,,,,,,,37.5,37.48100,,,,,
79,WHS9_96,Population living in urban areas (%),https://www.who.int/data/gho/indicator-metadata-registry/imr-details/114,PUBLISHED,Published,,1970,1970,,WPR,Western Pacific,,,1970,1970,,,PHL,Philippines,,,,,,,,,,,,,,33.0,32.97900,,,,,
80,WHS9_96,Population living in urban areas (%),https://www.who.int/data/gho/indicator-metadata-registry/imr-details/114,PUBLISHED,Published,,1960,1960,,WPR,Western Pacific,,,1960,1960,,,PHL,Philippines,,,,,,,,,,,,,,30.3,30.29700,,,,,
81,WHS9_96,Population living in urban areas (%),https://www.who.int/data/gho/indicator-metadata-registry/imr-details/114,PUBLISHED,Published,,1950,1950,,WPR,Western Pacific,,,1950,1950,,,PHL,Philippines,,,,,,,,,,,,,,27.1,27.13500,,,,,
82,WHS9_86,Population (in thousands) total,https://www.who.int/data/gho/indicator-metadata-registry/imr-details/113,PUBLISHED,Published,,2016,2016,,WPR,Western Pacific,,,2016,2016,,,PHL,Philippines,,,,,,,,,,,,,,103 320,103320.00000,,,,,
83,WHS9_89,Population proportion under 15 (%),https://www.who.int/data/gho/indicator-metadata-registry/imr-details/118,PUBLISHED,Published,,2016,2016,,WPR,Western Pacific,,,2016,2016,,,PHL,Philippines,,,,,,,,,,,,,,32.0,31.96485,,,,,
84,WHS9_92,Population proportion over 60 (%),https://www.who.int/data/gho/indicator-metadata-registry/imr-details/117,PUBLISHED,Published,,2016,2016,,WPR,Western Pacific,,,2016,2016,,,PHL,Philippines,,,,,,,,,,,,,,22.2,22.24355,,,,,
85,WHS9_95,Total fertility rate (per woman),https://www.who.int/data/gho/indicator-metadata-registry/imr-details/123,PUBLISHED,Published,,2016,2016,,WPR,Western Pacific,,,2016,2016,,,PHL,Philippines,,,,,,,,,,,,,,2.9,2.92500,,,,,
86,SDGODA01,"Total net official development assistance to medical research and basic health sectors per capita (US$), by recipient country",https://www.who.int/data/gho/indicator-metadata-registry/imr-details/4739,PUBLISHED,Published,,2016,2016,,WPR,Western Pacific,,,2016,2016,,,PHL,Philippines,,,,,,,,,,,,,,0.73,0.73000,,,,,
87,SDGHEPHBSAGPRV,Hepatitis B surface antigen (HBsAg) prevalence among children under 5 years (%),https://www.who.int/data/gho/indicator-metadata-registry/imr-details/4985,PUBLISHED,Published,,2015,2015,,WPR,Western Pacific,,,2015,2015,,,PHL,Philippines,,,,,,,,,,,,,,1.07 [0.76-1.44],1.07000,0.76,1.44,,,
88,WHS9_91,Civil registration coverage of births (%),https://www.who.int/data/gho/indicator-metadata-registry/imr-details/83,PUBLISHED,Published,,2010,2010,,WPR,Western Pacific,,,2010,2010,,,PHL,Philippines,,,,,,,,,,,,,,90.2,90.20000,,,,,Census 2010
89,WHS4_115,Births by caesarean section (%),https://www.who.int/data/gho/indicator-metadata-registry/imr-details/68,PUBLISHED,Published,,2008-2013,2008-2013,,WPR,Western Pacific,,,2008,2013,,,PHL,Philippines,,,,,,,,,,,,,,9.3,9.30000,,,,,"DHS 2013.   Philippine Statistics Authority (PSA) [Philippines], ICF International. Philippines National Demographic and Health Survey 2013. Manila, Philippines, and Rockville, Maryland, USA: PSA, ICF International; 2014. "
90,SDGODA01,"Total net official development assistance to medical research and basic health sectors per capita (US$), by recipient country",https://www.who.int/data/gho/indicator-metadata-registry/imr-details/4739,PUBLISHED,Published,,2017,2017,,WPR,Western Pacific,,,2017,2017,,,PHL,Philippines,,,,,,,,,,,,,,0.72,0.72000,,,,,
91,SDGCODCOMPLETENESS,Completeness of cause-of-death data (%),https://www.who.int/data/gho/indicator-metadata-registry/imr-details/84,PUBLISHED,Published,,2011,2011,,WPR,Western Pacific,,,2011,2011,,,PHL,Philippines,,,,,,,,,,,,,,89,88.94887,,,,,
92,SDGODA01,"Total net official development assistance to medical research and basic health sectors per capita (US$), by recipient country",https://www.who.int/data/gho/indicator-metadata-registry/imr-details/4739,PUBLISHED,Published,,2018,2018,,WPR,Western Pacific,,,2018,2018,,,PHL,Philippines,,,,,,,,,,,,,,0.61,0.60960,,,,,
93,WHS4_106,Children aged < 5 years with pneumonia symptoms taken to a healthcare provider (%),https://www.who.int/data/gho/indicator-metadata-registry/imr-details/4737,PUBLISHED,Published,,1993,1993,,WPR,Western Pacific,,,1993,1993,,,PHL,Philippines,,TOTL,TotalTotalTotal,,BTSX,Both sexes,,TOTL,TotalTotalTotal,,TOTL,TotalTotalTotal,,51,51.00000,,,,,DHS 1993
94,WHS4_106,Children aged < 5 years with pneumonia symptoms taken to a healthcare provider (%),https://www.who.int/data/gho/indicator-metadata-registry/imr-details/4737,PUBLISHED,Published,,1998,1998,,WPR,Western Pacific,,,1998,1998,,,PHL,Philippines,,TOTL,TotalTotalTotal,,BTSX,Both sexes,,TOTL,TotalTotalTotal,,TOTL,TotalTotalTotal,,58,58.00000,,,,,DHS 1998
95,WHS4_106,Children aged < 5 years with pneumonia symptoms taken to a healthcare provider (%),https://www.who.int/data/gho/indicator-metadata-registry/imr-details/4737,PUBLISHED,Published,,2003,2003,,WPR,Western Pacific,,,2003,2003,,,PHL,Philippines,,,,,,,,URB,Urban,,,,,63,63.00000,,,,,DHS 2003
96,WHS4_106,Children aged < 5 years with pneumonia symptoms taken to a healthcare provider (%),https://www.who.int/data/gho/indicator-metadata-registry/imr-details/4737,PUBLISHED,Published,,2003,2003,,WPR,Western Pacific,,,2003,2003,,,PHL,Philippines,,,,,,,,RUR,Rural,,,,,49,49.00000,,,,,DHS 2003
97,WHS4_106,Children aged < 5 years with pneumonia symptoms taken to a healthcare provider (%),https://www.who.int/data/gho/indicator-metadata-registry/imr-details/4737,PUBLISHED,Published,,2003,2003,,WPR,Western Pacific,,,2003,2003,,,PHL,Philippines,,TOTL,TotalTotalTotal,,BTSX,Both sexes,,TOTL,TotalTotalTotal,,TOTL,TotalTotalTotal,,55,55.00000,,,,,DHS 2003
98,WHS4_106,Children aged < 5 years with pneumonia symptoms taken to a healthcare provider (%),https://www.who.int/data/gho/indicator-metadata-registry/imr-details/4737,PUBLISHED,Published,,2003,2003,,WPR,Western Pacific,,,2003,2003,,,PHL,Philippines,,,,,FMLE,Female,,,,,,,,54,54.00000,,,,,DHS 2003
99,WHS4_106,Children aged < 5 years with pneumonia symptoms taken to a healthcare provider (%),https://www.who.int/data/gho/indicator-metadata-registry/imr-details/4737,PUBLISHED,Published,,2003,2003,,WPR,Western Pacific,,,2003,2003,,,PHL,Philippines,,,,,MLE,Male,,,,,,,,55,55.00000,,,,,DHS 2003
100,WHS4_106,Children aged < 5 years with pneumonia symptoms taken to a healthcare provider (%),https://www.who.int/data/gho/indicator-metadata-registry/imr-details/4737,PUBLISHED,Published,,2008,2008,,WPR,Western Pacific,,,2008,2008,,,PHL,Philippines,,,,,,,,URB,Urban,,,,,54,54.00000,,,,,DHS 2008
101,WHS4_106,Children aged < 5 years with pneumonia symptoms taken to a healthcare provider (%),https://www.who.int/data/gho/indicator-metadata-registry/imr-details/4737,PUBLISHED,Published,,2008,2008,,WPR,Western Pacific,,,2008,2008,,,PHL,Philippines,,,,,,,,RUR,Rural,,,,,47,47.00000,,,,,DHS 2008
102,WHS4_106,Children aged < 5 years with pneumonia symptoms taken to a healthcare provider (%),https://www.who.int/data/gho/indicator-metadata-registry/imr-details/4737,PUBLISHED,Published,,2008,2008,,WPR,Western Pacific,,,2008,2008,,,PHL,Philippines,,TOTL,TotalTotalTotal,,BTSX,Both sexes,,TOTL,TotalTotalTotal,,TOTL,TotalTotalTotal,,50,50.00000,,,,,DHS 2008
103,WHS4_106,Children aged < 5 years with pneumonia symptoms taken to a healthcare provider (%),https://www.who.int/data/gho/indicator-metadata-registry/imr-details/4737,PUBLISHED,Published,,2008,2008,,WPR,Western Pacific,,,2008,2008,,,PHL,Philippines,,,,,FMLE,Female,,,,,,,,55,55.00000,,,,,DHS 2008
104,WHS4_106,Children aged < 5 years with pneumonia symptoms taken to a healthcare provider (%),https://www.who.int/data/gho/indicator-metadata-registry/imr-details/4737,PUBLISHED,Published,,2008,2008,,WPR,Western Pacific,,,2008,2008,,,PHL,Philippines,,,,,MLE,Male,,,,,,,,47,47.00000,,,,,DHS 2008
105,WHS4_106,Children aged < 5 years with pneumonia symptoms taken to a healthcare provider (%),https://www.who.int/data/gho/indicator-metadata-registry/imr-details/4737,PUBLISHED,Published,,2013,2013,,WPR,Western Pacific,,,2013,2013,,,PHL,Philippines,,TOTL,TotalTotalTotal,,BTSX,Both sexes,,TOTL,TotalTotalTotal,,TOTL,TotalTotalTotal,,64,64.00000,,,,,DHS 2013
106,WHS4_106,Children aged < 5 years with pneumonia symptoms taken to a healthcare provider (%),https://www.who.int/data/gho/indicator-metadata-registry/imr-details/4737,PUBLISHED,Published,,2017,2017,,WPR,Western Pacific,,,2017,2017,,,PHL,Philippines,,,,,,,,URB,Urban,,,,,79.8,79.80000,,,,,DHS 2017
107,WHS4_106,Children aged < 5 years with pneumonia symptoms taken to a healthcare provider (%),https://www.who.int/data/gho/indicator-metadata-registry/imr-details/4737,PUBLISHED,Published,,2017,2017,,WPR,Western Pacific,,,2017,2017,,,PHL,Philippines,,,,,,,,RUR,Rural,,,,,59.6,59.60000,,,,,DHS 2017
108,WHS4_106,Children aged < 5 years with pneumonia symptoms taken to a healthcare provider (%),https://www.who.int/data/gho/indicator-metadata-registry/imr-details/4737,PUBLISHED,Published,,2017,2017,,WPR,Western Pacific,,,2017,2017,,,PHL,Philippines,,PRLM,Primary,,,,,,,,,,,65.7,65.70000,,,,,DHS 2017
109,WHS4_106,Children aged < 5 years with pneumonia symptoms taken to a healthcare provider (%),https://www.who.int/data/gho/indicator-metadata-registry/imr-details/4737,PUBLISHED,Published,,2017,2017,,WPR,Western Pacific,,,2017,2017,,,PHL,Philippines,,SHLM,Secondary or higher,,,,,,,,,,,68.1,68.10000,,,,,DHS 2017
110,WHS4_106,Children aged < 5 years with pneumonia symptoms taken to a healthcare provider (%),https://www.who.int/data/gho/indicator-metadata-registry/imr-details/4737,PUBLISHED,Published,,2017,2017,,WPR,Western Pacific,,,2017,2017,,,PHL,Philippines,,TOTL,TotalTotalTotal,,BTSX,Both sexes,,TOTL,TotalTotalTotal,,TOTL,TotalTotalTotal,,67.3,67.30000,,,,,DHS 2017
111,WHS4_106,Children aged < 5 years with pneumonia symptoms taken to a healthcare provider (%),https://www.who.int/data/gho/indicator-metadata-registry/imr-details/4737,PUBLISHED,Published,,2017,2017,,WPR,Western Pacific,,,2017,2017,,,PHL,Philippines,,,,,FMLE,Female,,,,,,,,60,60.00000,,,,,DHS 2017
112,WHS4_106,Children aged < 5 years with pneumonia symptoms taken to a healthcare provider (%),https://www.who.int/data/gho/indicator-metadata-registry/imr-details/4737,PUBLISHED,Published,,2017,2017,,WPR,Western Pacific,,,2017,2017,,,PHL,Philippines,,,,,MLE,Male,,,,,,,,70.8,70.80000,,,,,DHS 2017
113,WHS4_106,Children aged < 5 years with pneumonia symptoms taken to a healthcare provider (%),https://www.who.int/data/gho/indicator-metadata-registry/imr-details/4737,PUBLISHED,Published,,2017,2017,,WPR,Western Pacific,,,2017,2017,,,PHL,Philippines,,,,,,,,,,,WQ1,Q1 (Poorest),,56.8,56.80000,,,,,DHS 2017
114,WHS4_106,Children aged < 5 years with pneumonia symptoms taken to a healthcare provider (%),https://www.who.int/data/gho/indicator-metadata-registry/imr-details/4737,PUBLISHED,Published,,2017,2017,,WPR,Western Pacific,,,2017,2017,,,PHL,Philippines,,,,,,,,,,,WQ2,Q2,,54.9,54.90000,,,,,DHS 2017
115,WHS4_106,Children aged < 5 years with pneumonia symptoms taken to a healthcare provider (%),https://www.who.int/data/gho/indicator-metadata-registry/imr-details/4737,PUBLISHED,Published,,2017,2017,,WPR,Western Pacific,,,2017,2017,,,PHL,Philippines,,,,,,,,,,,WQ3,Q3,,80.4,80.40000,,,,,DHS 2017
116,WHS6_102,Hospital beds (per 10 000 population),https://www.who.int/data/gho/indicator-metadata-registry/imr-details/97,PUBLISHED,Published,,2006,2006,,WPR,Western Pacific,,,2006,2006,,,PHL,Philippines,,,,,,,,,,,,,,10.7,10.70000,,,,,Philippine Statistical Yearbook 2017
117,WHS6_102,Hospital beds (per 10 000 population),https://www.who.int/data/gho/indicator-metadata-registry/imr-details/97,PUBLISHED,Published,,2007,2007,,WPR,Western Pacific,,,2007,2007,,,PHL,Philippines,,,,,,,,,,,,,,10.5,10.50000,,,,,Philippine Statistical Yearbook 2017
118,WHS6_102,Hospital beds (per 10 000 population),https://www.who.int/data/gho/indicator-metadata-registry/imr-details/97,PUBLISHED,Published,,2008,2008,,WPR,Western Pacific,,,2008,2008,,,PHL,Philippines,,,,,,,,,,,,,,10.4,10.40000,,,,,Philippine Statistical Yearbook 2017
119,WHS6_102,Hospital beds (per 10 000 population),https://www.who.int/data/gho/indicator-metadata-registry/imr-details/97,PUBLISHED,Published,,2009,2009,,WPR,Western Pacific,,,2009,2009,,,PHL,Philippines,,,,,,,,,,,,,,10.6,10.60000,,,,,Philippine Statistical Yearbook 2017
120,WHS6_102,Hospital beds (per 10 000 population),https://www.who.int/data/gho/indicator-metadata-registry/imr-details/97,PUBLISHED,Published,,2010,2010,,WPR,Western Pacific,,,2010,2010,,,PHL,Philippines,,,,,,,,,,,,,,10.6,10.60000,,,,,Philippine Statistical Yearbook 2017
121,WHS6_102,Hospital beds (per 10 000 population),https://www.who.int/data/gho/indicator-metadata-registry/imr-details/97,PUBLISHED,Published,,2011,2011,,WPR,Western Pacific,,,2011,2011,,,PHL,Philippines,,,,,,,,,,,,,,10.7,10.70000,,,,,Philippine Statistical Yearbook 2017
122,WHS6_102,Hospital beds (per 10 000 population),https://www.who.int/data/gho/indicator-metadata-registry/imr-details/97,PUBLISHED,Published,,2012,2012,,WPR,Western Pacific,,,2012,2012,,,PHL,Philippines,,,,,,,,,,,,,,10.5,10.50000,,,,,Philippine Statistical Yearbook 2017
123,WHS6_102,Hospital beds (per 10 000 population),https://www.who.int/data/gho/indicator-metadata-registry/imr-details/97,PUBLISHED,Published,,2013,2013,,WPR,Western Pacific,,,2013,2013,,,PHL,Philippines,,,,,,,,,,,,,,9.9,9.90000,,,,,Philippine Statistical Yearbook 2017
124,WHS6_102,Hospital beds (per 10 000 population),https://www.who.int/data/gho/indicator-metadata-registry/imr-details/97,PUBLISHED,Published,,2014,2014,,WPR,Western Pacific,,,2014,2014,,,PHL,Philippines,,,,,,,,,,,,,,9.9,9.90000,,,,,Philippine Statistical Yearbook 2017
